game_name,set,rally,ballround,hit_frame,hit_frame_global,hitter,shot_type,shot_type_conf,hit_area,hit_xy_img_x,hit_xy_img_y,hit_xy_court_x,hit_xy_court_y,end_reason,end_reason_raw,end_reason_source,rally_winner,playerA,playerB,scoreA,scoreB,score_source
game1,1,1,1,26,10319,top,smash,0.9597,,883.2,487.8,-0.785,4.772,,,,,SUNG S.Y.,CHRISTOPHERSEN,0,0,ocr
game1,1,1,2,35,10328,bottom,backstop,0.9271,,897.5,838.5,-0.489,-4.223,,,,,SUNG S.Y.,CHRISTOPHERSEN,0,0,ocr
game1,1,1,3,51,10344,top,backstop,0.9346,,879.6,544.2,-0.782,2.901,,,,,SUNG S.Y.,CHRISTOPHERSEN,0,0,ocr
game1,1,1,4,83,10376,bottom,cross-court net shot,0.9653,,1015.7,723.3,0.461,-1.858,,,,,SUNG S.Y.,CHRISTOPHERSEN,0,0,ocr
game1,1,1,5,109,10402,top,net lift,0.9681,,815.4,594.4,-1.351,1.4,,,,,SUNG S.Y.,CHRISTOPHERSEN,0,0,ocr
game1,1,1,6,134,10427,bottom,net pop,0.9507,,815.0,681.6,-1.258,-0.884,,,,,SUNG S.Y.,CHRISTOPHERSEN,0,0,ocr
game1,1,1,7,166,10459,top,backcourt drive,0.891,,760.1,482.2,-2.08,4.959,,,,,SUNG S.Y.,CHRISTOPHERSEN,0,0,ocr
game1,1,1,8,188,10481,bottom,drive,0.928,,778.3,798.6,-1.437,-3.451,,,,,SUNG S.Y.,CHRISTOPHERSEN,0,0,ocr
game1,1,1,9,199,10492,top,cross-court net shot,0.9694,,859.2,507.9,-1.016,4.078,,,,,SUNG S.Y.,CHRISTOPHERSEN,0,0,ocr
game1,1,1,10,222,10515,bottom,push shot,0.9675,,1138.8,717.3,1.502,-1.722,,,,,SUNG S.Y.,CHRISTOPHERSEN,0,0,ocr
game1,1,1,11,251,10544,top,net lift,0.9823,,1186.1,542.5,2.252,2.974,,,,,SUNG S.Y.,CHRISTOPHERSEN,0,0,ocr
game1,1,1,12,278,10571,bottom,push shot,0.9799,,1189.4,693.3,1.972,-1.161,,,,,SUNG S.Y.,CHRISTOPHERSEN,0,0,ocr
game1,1,1,13,317,10610,top,clear,0.9847,,821.3,451.7,-1.484,6.084,,,,,SUNG S.Y.,CHRISTOPHERSEN,0,0,ocr
game1,1,1,14,349,10642,bottom,overhead wrist shot,0.957,,682.2,893.3,-2.043,-5.199,,,,,SUNG S.Y.,CHRISTOPHERSEN,0,0,ocr
game1,1,1,15,371,10664,top,drive,0.9331,,810.8,520.5,-1.492,3.655,,,,,SUNG S.Y.,CHRISTOPHERSEN,0,0,ocr
game1,1,1,16,398,10691,bottom,drive,0.9826,,745.9,828.0,-1.654,-4.021,,,,,SUNG S.Y.,CHRISTOPHERSEN,0,0,ocr
game1,1,1,17,411,10704,top,defensive pop,0.5171,,799.9,494.4,-1.643,4.534,,,,,SUNG S.Y.,CHRISTOPHERSEN,0,0,ocr
game1,1,1,18,443,10736,bottom,drop net,0.9116,,705.3,944.1,-1.81,-6.042,,,,,SUNG S.Y.,CHRISTOPHERSEN,0,0,ocr
game1,1,1,19,461,10754,top,backstop,0.9307,,1127.4,546.8,1.661,2.835,top player's shot hit the net,,courttcn,bottom,SUNG S.Y.,CHRISTOPHERSEN,0,0,ocr
game1,1,2,1,5,11378,top,passive shot,0.8391,,740.7,528.5,-2.18,3.391,,,,,SUNG S.Y.,CHRISTOPHERSEN,0,1,ocr
game1,1,2,2,40,11413,top,push shot,0.8974,,1037.4,560.3,0.761,2.414,,,,,SUNG S.Y.,CHRISTOPHERSEN,0,1,ocr
game1,1,2,3,72,11445,bottom,drop net,0.9567,,786.9,847.3,-1.322,-4.383,,,,,SUNG S.Y.,CHRISTOPHERSEN,0,1,ocr
game1,1,2,4,121,11494,bottom,net lift,0.9699,,987.0,701.5,0.226,-1.357,,,,,SUNG S.Y.,CHRISTOPHERSEN,0,1,ocr
game1,1,2,5,147,11520,top,net pop,0.9599,,916.5,614.7,-0.397,0.838,,,,,SUNG S.Y.,CHRISTOPHERSEN,0,1,ocr
game1,1,2,6,204,11577,bottom,clear,0.9625,,1015.7,933.8,0.377,-5.889,bottom player's shot goes out of bounds,,courttcn,top,SUNG S.Y.,CHRISTOPHERSEN,0,1,ocr
game1,1,3,1,57,12169,bottom,clear,0.9549,,867.2,930.3,-0.679,-5.825,,,,,SUNG S.Y.,CHRISTOPHERSEN,1,1,ocr
game1,1,3,2,96,12208,top,drop net,0.9626,,784.7,467.3,-1.85,5.498,top player's shot hit the net,,courttcn,bottom,SUNG S.Y.,CHRISTOPHERSEN,1,1,ocr
game1,1,4,1,12,12568,top,backcourt drive,0.9754,,892.5,478.5,-0.694,5.104,,,,,SUNG S.Y.,CHRISTOPHERSEN,1,2,ocr
game1,1,4,2,26,12582,bottom,backstop,0.9102,,843.4,672.5,-1.019,-0.662,,,,,SUNG S.Y.,CHRISTOPHERSEN,1,2,ocr
game1,1,4,3,56,12612,bottom,passive shot,0.9052,,681.9,788.1,-2.209,-3.239,,,,,SUNG S.Y.,CHRISTOPHERSEN,1,2,ocr
game1,1,4,4,70,12626,top,backstop,0.6857,,760.0,596.2,-1.866,1.348,top player hits a winner,,court,top,SUNG S.Y.,CHRISTOPHERSEN,1,2,ocr
game1,1,5,1,12,13125,top,clear,0.9733,,982.3,486.1,0.251,4.84,,,,,SUNG S.Y.,CHRISTOPHERSEN,2,2,ocr
game1,1,5,2,49,13162,bottom,clear,0.8188,,891.6,785.9,-0.553,-3.197,,,,,SUNG S.Y.,CHRISTOPHERSEN,2,2,ocr
game1,1,5,3,76,13189,bottom,smash,0.9592,,1206.5,930.7,1.74,-5.845,,,,,SUNG S.Y.,CHRISTOPHERSEN,2,2,ocr
game1,1,5,4,90,13203,top,defensive pop,0.9812,,1030.9,526.9,0.725,3.461,,,,,SUNG S.Y.,CHRISTOPHERSEN,2,2,ocr
game1,1,5,5,117,13230,bottom,clear,0.9616,,828.0,824.4,-1.029,-3.955,,,,,SUNG S.Y.,CHRISTOPHERSEN,2,2,ocr
game1,1,5,6,155,13268,top,clear,0.9832,,870.8,449.5,-0.95,6.176,,,,,SUNG S.Y.,CHRISTOPHERSEN,2,2,ocr
game1,1,5,7,189,13302,bottom,clear,0.9588,,734.0,868.6,-1.695,-4.768,,,,,SUNG S.Y.,CHRISTOPHERSEN,2,2,ocr
game1,1,5,8,224,13337,top,clear,0.9868,,1070.4,456.6,1.216,5.927,,,,,SUNG S.Y.,CHRISTOPHERSEN,2,2,ocr
game1,1,5,9,267,13380,bottom,smash,0.954,,700.3,882.8,-1.925,-5.018,,,,,SUNG S.Y.,CHRISTOPHERSEN,2,2,ocr
game1,1,5,10,306,13419,bottom,push shot,0.9553,,716.8,725.3,-2.032,-1.903,,,,,SUNG S.Y.,CHRISTOPHERSEN,2,2,ocr
game1,1,5,11,326,13439,top,clear,0.9831,,780.2,481.9,-1.87,4.973,,,,,SUNG S.Y.,CHRISTOPHERSEN,2,2,ocr
game1,1,5,12,355,13468,bottom,drop net,0.9715,,702.6,881.7,-1.91,-4.999,bottom player's shot hit the net,,court,top,SUNG S.Y.,CHRISTOPHERSEN,2,2,ocr
game1,1,6,1,2,14028,top,serve short,0.801,,962.8,545.1,0.038,2.876,,,,,SUNG S.Y.,CHRISTOPHERSEN,3,2,ocr
game1,1,6,2,23,14049,top,net pop,0.9685,,1001.9,558.9,0.417,2.454,,,,,SUNG S.Y.,CHRISTOPHERSEN,3,2,ocr
game1,1,6,3,85,14111,bottom,clear,0.9847,,838.8,992.3,-0.846,-6.792,,,,,SUNG S.Y.,CHRISTOPHERSEN,3,2,ocr
game1,1,6,4,126,14152,top,net lift,0.9787,,757.6,510.8,-2.046,3.972,,,,,SUNG S.Y.,CHRISTOPHERSEN,3,2,ocr
game1,1,6,5,151,14177,bottom,net pop,0.9769,,833.2,741.2,-1.051,-2.256,,,,,SUNG S.Y.,CHRISTOPHERSEN,3,2,ocr
game1,1,6,6,213,14239,top,backcourt drive,0.8361,,895.9,486.3,-0.654,4.825,top player hits a winner,,court,top,SUNG S.Y.,CHRISTOPHERSEN,3,2,ocr
game1,1,7,1,18,14686,top,clear,0.9576,,890.5,480.4,-0.714,5.036,,,,,SUNG S.Y.,CHRISTOPHERSEN,4,2,chain
game1,1,7,2,51,14719,bottom,clear,0.8044,,1002.3,820.3,0.316,-3.88,,,,,SUNG S.Y.,CHRISTOPHERSEN,4,2,chain
game1,1,7,3,79,14747,bottom,passive shot,0.9721,,1201.8,923.3,1.716,-5.723,,,,,SUNG S.Y.,CHRISTOPHERSEN,4,2,chain
game1,1,7,4,101,14769,top,net lift,0.9825,,819.2,537.4,-1.385,3.111,,,,,SUNG S.Y.,CHRISTOPHERSEN,4,2,chain
game1,1,7,5,126,14794,bottom,net lift,0.9548,,869.7,688.3,-0.781,-1.044,bottom player's shot hit the net,,court,top,SUNG S.Y.,CHRISTOPHERSEN,4,2,chain
game1,1,8,1,10,15343,top,net pop,0.9267,,1006.6,591.2,0.445,1.5,,,,,SUNG S.Y.,CHRISTOPHERSEN,5,2,ocr
game1,1,8,2,79,15412,bottom,clear,0.9918,,944.1,882.6,-0.133,-5.021,,,,,SUNG S.Y.,CHRISTOPHERSEN,5,2,ocr
game1,1,8,3,120,15453,top,overhead wrist shot,0.9487,,1033.2,455.0,0.815,5.985,,,,,SUNG S.Y.,CHRISTOPHERSEN,5,2,ocr
game1,1,8,4,136,15469,bottom,defensive drive,0.9708,,1097.9,812.4,1.063,-3.728,,,,,SUNG S.Y.,CHRISTOPHERSEN,5,2,ocr
game1,1,8,5,154,15487,top,smash,0.9207,,900.9,497.6,-0.595,4.433,top player hits a winner,,courttcn,top,SUNG S.Y.,CHRISTOPHERSEN,5,2,ocr
game1,1,9,1,9,16033,bottom,net pop,0.9537,,1025.5,761.7,0.523,-2.698,,,,,SUNG S.Y.,CHRISTOPHERSEN,6,2,ocr
game1,1,9,2,48,16072,top,clear,0.6889,,902.7,655.7,-0.508,-0.241,,,,,SUNG S.Y.,CHRISTOPHERSEN,6,2,ocr
game1,1,9,3,75,16099,bottom,clear,0.9503,,1232.3,944.6,1.904,-6.07,,,,,SUNG S.Y.,CHRISTOPHERSEN,6,2,ocr
game1,1,9,4,116,16140,top,drop net,0.8805,,797.7,468.1,-1.71,5.47,,,,,SUNG S.Y.,CHRISTOPHERSEN,6,2,ocr
game1,1,9,5,145,16169,bottom,net lift,0.9634,,819.7,695.9,-1.204,-1.225,,,,,SUNG S.Y.,CHRISTOPHERSEN,6,2,ocr
game1,1,9,6,173,16197,top,net pop,0.9838,,874.4,604.3,-0.791,1.125,,,,,SUNG S.Y.,CHRISTOPHERSEN,6,2,ocr
game1,1,9,7,220,16244,bottom,drop net,0.9676,,714.2,917.6,-1.78,-5.611,,,,,SUNG S.Y.,CHRISTOPHERSEN,6,2,ocr
game1,1,9,8,244,16268,top,net lift,0.9705,,800.2,541.0,-1.568,2.997,,,,,SUNG S.Y.,CHRISTOPHERSEN,6,2,ocr
game1,1,9,9,271,16295,bottom,push shot,0.9516,,781.7,724.0,-1.493,-1.873,,,,,SUNG S.Y.,CHRISTOPHERSEN,6,2,ocr
game1,1,9,10,316,16340,top,passive shot,0.8113,,870.8,502.2,-0.903,4.273,top player hits a winner,,court,top,SUNG S.Y.,CHRISTOPHERSEN,6,2,ocr
game1,1,10,1,4,16885,bottom,serve long,0.925,,986.9,648.0,0.241,-0.042,,,,,SUNG S.Y.,CHRISTOPHERSEN,7,2,ocr
game1,1,10,2,73,16954,bottom,smash,0.9694,,806.8,864.1,-1.158,-4.69,,,,,SUNG S.Y.,CHRISTOPHERSEN,7,2,ocr
game1,1,10,3,85,16966,top,drive,0.9442,,789.2,533.7,-1.688,3.226,,,,,SUNG S.Y.,CHRISTOPHERSEN,7,2,ocr
game1,1,10,4,103,16984,bottom,drive,0.9741,,1095.4,810.2,1.046,-3.685,,,,,SUNG S.Y.,CHRISTOPHERSEN,7,2,ocr
game1,1,10,5,117,16998,top,drive,0.9813,,807.7,487.8,-1.572,4.765,,,,,SUNG S.Y.,CHRISTOPHERSEN,7,2,ocr
game1,1,10,6,131,17012,bottom,drive,0.9874,,749.9,812.4,-1.642,-3.722,,,,,SUNG S.Y.,CHRISTOPHERSEN,7,2,ocr
game1,1,10,7,144,17025,top,net pop,0.7742,,960.2,536.6,0.013,3.145,,,,,SUNG S.Y.,CHRISTOPHERSEN,7,2,ocr
game1,1,10,8,173,17054,bottom,drop net,0.981,,1039.7,924.0,0.552,-5.729,bottom player hits a winner,,courttcn,bottom,SUNG S.Y.,CHRISTOPHERSEN,7,2,ocr
game1,1,11,1,14,17748,top,rush shot,0.8582,,959.2,556.3,0.001,2.531,,,,,SUNG S.Y.,CHRISTOPHERSEN,7,3,ocr
game1,1,11,2,28,17762,top,net pop,0.9221,,1016.0,569.1,0.548,2.147,,,,,SUNG S.Y.,CHRISTOPHERSEN,7,3,ocr
game1,1,11,3,64,17798,bottom,smash,0.9845,,817.9,911.5,-1.042,-5.513,,,,,SUNG S.Y.,CHRISTOPHERSEN,7,3,ocr
game1,1,11,4,81,17815,top,backstop,0.9096,,806.7,561.1,-1.476,2.377,,,,,SUNG S.Y.,CHRISTOPHERSEN,7,3,ocr
game1,1,11,5,106,17840,bottom,cross-court net shot,0.959,,774.3,725.0,-1.554,-1.896,,,,,SUNG S.Y.,CHRISTOPHERSEN,7,3,ocr
game1,1,11,6,137,17871,top,net pop,0.966,,1129.6,589.1,1.611,1.566,,,,,SUNG S.Y.,CHRISTOPHERSEN,7,3,ocr
game1,1,11,7,186,17920,bottom,clear,0.9829,,896.2,982.8,-0.458,-6.652,,,,,SUNG S.Y.,CHRISTOPHERSEN,7,3,ocr
game1,1,11,8,219,17953,top,passive shot,0.6548,,741.2,469.1,-2.308,5.427,,,,,SUNG S.Y.,CHRISTOPHERSEN,7,3,ocr
game1,1,11,9,246,17980,bottom,cross-court net shot,0.9703,,768.4,726.7,-1.601,-1.934,,,,,SUNG S.Y.,CHRISTOPHERSEN,7,3,ocr
game1,1,11,10,275,18009,top,net pop,0.9673,,1137.7,565.6,1.729,2.258,,,,,SUNG S.Y.,CHRISTOPHERSEN,7,3,ocr
game1,1,11,11,317,18051,bottom,drop net,0.9814,,753.3,912.2,-1.505,-5.522,,,,,SUNG S.Y.,CHRISTOPHERSEN,7,3,ocr
game1,1,11,12,338,18072,top,defensive pop,0.9119,,827.4,534.6,-1.307,3.201,top player hits a winner,,courttcn,top,SUNG S.Y.,CHRISTOPHERSEN,7,3,ocr
game1,1,12,1,13,19504,top,clear,0.9172,,917.0,514.7,-0.423,3.857,,,,,SUNG S.Y.,CHRISTOPHERSEN,8,3,ocr
game1,1,12,2,42,19533,top,smash,0.5631,,1025.6,516.6,0.68,3.799,,,,,SUNG S.Y.,CHRISTOPHERSEN,8,3,ocr
game1,1,12,3,56,19547,bottom,backcourt drive,0.9387,,1149.5,832.9,1.441,-4.123,,,,,SUNG S.Y.,CHRISTOPHERSEN,8,3,ocr
game1,1,12,4,75,19566,bottom,drop net,0.9303,,1186.9,879.3,1.665,-4.972,,,,,SUNG S.Y.,CHRISTOPHERSEN,8,3,ocr
game1,1,12,5,100,19591,top,drive,0.9143,,1072.0,529.4,1.135,3.383,,,,,SUNG S.Y.,CHRISTOPHERSEN,8,3,ocr
game1,1,12,6,115,19606,bottom,net lift,0.936,,1036.8,710.8,0.646,-1.571,,,,,SUNG S.Y.,CHRISTOPHERSEN,8,3,ocr
game1,1,12,7,148,19639,top,net pop,0.9727,,823.3,596.6,-1.274,1.339,,,,,SUNG S.Y.,CHRISTOPHERSEN,8,3,ocr
game1,1,12,8,184,19675,bottom,smash,0.9607,,792.2,852.3,-1.278,-4.476,bottom player's shot hit the net,,courttcn,top,SUNG S.Y.,CHRISTOPHERSEN,8,3,ocr
game1,1,13,1,62,20280,bottom,smash,0.9223,,856.7,891.2,-0.772,-5.17,,,,,SUNG S.Y.,CHRISTOPHERSEN,9,3,ocr
game1,1,13,2,83,20301,top,backstop,0.8754,,807.0,524.4,-1.524,3.528,,,,,SUNG S.Y.,CHRISTOPHERSEN,9,3,ocr
game1,1,13,3,100,20318,bottom,backstop,0.9654,,765.0,777.7,-1.566,-3.028,,,,,SUNG S.Y.,CHRISTOPHERSEN,9,3,ocr
game1,1,13,4,125,20343,top,net lift,0.9774,,788.5,589.3,-1.609,1.546,,,,,SUNG S.Y.,CHRISTOPHERSEN,9,3,ocr
game1,1,13,5,154,20372,bottom,net pop,0.9645,,757.2,681.8,-1.757,-0.89,bottom player's shot goes out of bounds,,courttcn,top,SUNG S.Y.,CHRISTOPHERSEN,9,3,ocr
game1,1,14,1,24,20932,top,smash,0.8898,,945.2,526.5,-0.136,3.469,,,,,SUNG S.Y.,CHRISTOPHERSEN,10,3,ocr
game1,1,14,2,39,20947,bottom,defensive pop,0.5618,,1034.5,749.0,0.604,-2.425,,,,,SUNG S.Y.,CHRISTOPHERSEN,10,3,ocr
game1,1,14,3,67,20975,bottom,drop net,0.9608,,1158.1,886.0,1.443,-5.088,,,,,SUNG S.Y.,CHRISTOPHERSEN,10,3,ocr
game1,1,14,4,84,20992,top,backstop,0.784,,880.6,535.2,-0.778,3.184,,,,,SUNG S.Y.,CHRISTOPHERSEN,10,3,ocr
game1,1,14,5,112,21020,bottom,net lift,0.9585,,930.6,674.2,-0.258,-0.703,,,,,SUNG S.Y.,CHRISTOPHERSEN,10,3,ocr
game1,1,14,6,139,21047,top,net pop,0.8766,,877.8,626.6,-0.746,0.515,,,,,SUNG S.Y.,CHRISTOPHERSEN,10,3,ocr
game1,1,14,7,194,21102,bottom,clear,0.9557,,1059.6,977.2,0.666,-6.573,,,,,SUNG S.Y.,CHRISTOPHERSEN,10,3,ocr
game1,1,14,8,226,21134,top,drop net,0.9414,,788.5,469.4,-1.805,5.424,,,,,SUNG S.Y.,CHRISTOPHERSEN,10,3,ocr
game1,1,14,9,260,21168,bottom,net lift,0.9759,,773.0,740.1,-1.546,-2.231,,,,,SUNG S.Y.,CHRISTOPHERSEN,10,3,ocr
game1,1,14,10,286,21194,top,net lift,0.8965,,754.5,595.5,-1.919,1.367,,,,,SUNG S.Y.,CHRISTOPHERSEN,10,3,ocr
game1,1,14,11,313,21221,bottom,net pop,0.9654,,763.0,683.2,-1.705,-0.924,bottom player hits a winner,,courttcn,bottom,SUNG S.Y.,CHRISTOPHERSEN,10,3,ocr
game1,1,15,1,12,21838,top,drive,0.881,,912.0,537.7,-0.466,3.109,,,,,SUNG S.Y.,CHRISTOPHERSEN,10,4,ocr
game1,1,15,2,26,21852,top,backstop,0.9432,,878.0,529.7,-0.808,3.362,,,,,SUNG S.Y.,CHRISTOPHERSEN,10,4,ocr
game1,1,15,3,64,21890,bottom,net lift,0.8886,,749.3,694.9,-1.805,-1.204,bottom player hits a winner,,court,bottom,SUNG S.Y.,CHRISTOPHERSEN,10,4,ocr
game1,1,16,1,1,22205,bottom,net lift,0.9751,,887.0,740.0,-0.609,-2.228,,,,,SUNG S.Y.,CHRISTOPHERSEN,10,5,ocr
game1,1,16,2,25,22229,top,push shot,0.9704,,1042.0,544.6,0.82,2.899,,,,,SUNG S.Y.,CHRISTOPHERSEN,10,5,ocr
game1,1,16,3,55,22259,bottom,drop net,0.9784,,797.2,872.8,-1.222,-4.845,,,,,SUNG S.Y.,CHRISTOPHERSEN,10,5,ocr
game1,1,16,4,94,22298,bottom,cross-court net shot,0.9617,,801.1,731.6,-1.324,-2.042,,,,,SUNG S.Y.,CHRISTOPHERSEN,10,5,ocr
game1,1,16,5,120,22324,top,push shot,0.9665,,1103.6,580.7,1.377,1.808,,,,,SUNG S.Y.,CHRISTOPHERSEN,10,5,ocr
game1,1,16,6,153,22357,bottom,clear,0.9378,,752.7,917.5,-1.504,-5.611,,,,,SUNG S.Y.,CHRISTOPHERSEN,10,5,ocr
game1,1,16,7,198,22402,bottom,net pop,0.971,,745.3,722.6,-1.798,-1.843,,,,,SUNG S.Y.,CHRISTOPHERSEN,10,5,ocr
game1,1,16,8,246,22450,top,clear,0.905,,825.4,442.6,-1.453,6.434,,,,,SUNG S.Y.,CHRISTOPHERSEN,10,5,ocr
game1,1,16,9,284,22488,bottom,passive shot,0.9547,,1231.0,944.4,1.896,-6.068,,,,,SUNG S.Y.,CHRISTOPHERSEN,10,5,ocr
game1,1,16,10,308,22512,top,net lift,0.946,,883.0,552.6,-0.743,2.639,,,,,SUNG S.Y.,CHRISTOPHERSEN,10,5,ocr
game1,1,16,11,331,22535,bottom,push shot,0.9414,,807.6,716.2,-1.285,-1.697,,,,,SUNG S.Y.,CHRISTOPHERSEN,10,5,ocr
game1,1,16,12,365,22569,top,backcourt drive,0.6715,,782.4,478.8,-1.853,5.084,,,,,SUNG S.Y.,CHRISTOPHERSEN,10,5,ocr
game1,1,16,13,397,22601,bottom,passive shot,0.9009,,719.6,863.3,-1.809,-4.673,,,,,SUNG S.Y.,CHRISTOPHERSEN,10,5,ocr
game1,1,16,14,421,22625,top,backstop,0.6367,,1027.1,547.9,0.67,2.793,,,,,SUNG S.Y.,CHRISTOPHERSEN,10,5,ocr
game1,1,16,15,447,22651,bottom,push shot,0.9664,,843.9,699.4,-0.993,-1.309,,,,,SUNG S.Y.,CHRISTOPHERSEN,10,5,ocr
game1,1,16,16,485,22689,top,passive shot,0.9564,,799.4,461.7,-1.704,5.708,,,,,SUNG S.Y.,CHRISTOPHERSEN,10,5,ocr
game1,1,16,17,514,22718,bottom,net lift,0.97,,1144.2,699.1,1.573,-1.299,,,,,SUNG S.Y.,CHRISTOPHERSEN,10,5,ocr
game1,1,16,18,544,22748,top,net pop,0.9502,,1162.7,583.2,1.936,1.738,,,,,SUNG S.Y.,CHRISTOPHERSEN,10,5,ocr
game1,1,16,19,600,22804,bottom,clear,0.9571,,1229.9,961.5,1.863,-6.339,,,,,SUNG S.Y.,CHRISTOPHERSEN,10,5,ocr
game1,1,16,20,639,22843,top,defensive drive,0.8541,,1114.7,477.6,1.657,5.159,top player hits a winner,,courttcn,top,SUNG S.Y.,CHRISTOPHERSEN,10,5,ocr
game1,1,17,1,62,25146,bottom,drop net,0.9664,,833.6,906.0,-0.932,-5.421,,,,,SUNG S.Y.,CHRISTOPHERSEN,11,5,ocr
game1,1,17,2,77,25161,top,backstop,0.9695,,784.8,513.2,-1.766,3.895,,,,,SUNG S.Y.,CHRISTOPHERSEN,11,5,ocr
game1,1,17,3,103,25187,bottom,net lift,0.9104,,754.4,748.9,-1.687,-2.421,bottom player fails to return the shuttle over the net,,courttcn,top,SUNG S.Y.,CHRISTOPHERSEN,11,5,ocr
game1,1,18,1,8,25668,top,net pop,0.9545,,989.0,588.2,0.28,1.585,,,,,SUNG S.Y.,CHRISTOPHERSEN,12,5,ocr
game1,1,18,2,22,25682,top,drive,0.8293,,937.0,495.0,-0.223,4.526,,,,,SUNG S.Y.,CHRISTOPHERSEN,12,5,ocr
game1,1,18,3,35,25695,bottom,smash,0.9062,,970.0,779.0,0.07,-3.058,,,,,SUNG S.Y.,CHRISTOPHERSEN,12,5,ocr
game1,1,18,4,50,25710,top,push shot,0.9426,,996.8,542.2,0.375,2.971,,,,,SUNG S.Y.,CHRISTOPHERSEN,12,5,ocr
game1,1,18,5,66,25726,top,smash,0.9422,,1074.3,518.4,1.172,3.744,,,,,SUNG S.Y.,CHRISTOPHERSEN,12,5,ocr
game1,1,18,6,78,25738,bottom,backstop,0.9016,,1106.3,865.2,1.08,-4.718,,,,,SUNG S.Y.,CHRISTOPHERSEN,12,5,ocr
game1,1,18,7,90,25750,top,cross-court net shot,0.7702,,1060.1,535.9,1.009,3.175,,,,,SUNG S.Y.,CHRISTOPHERSEN,12,5,ocr
game1,1,18,8,119,25779,bottom,net lift,0.9803,,724.5,733.0,-1.956,-2.073,,,,,SUNG S.Y.,CHRISTOPHERSEN,12,5,ocr
game1,1,18,9,148,25808,top,net pop,0.9648,,757.0,619.3,-1.855,0.708,top player's shot goes out of bounds,,courttcn,bottom,SUNG S.Y.,CHRISTOPHERSEN,12,5,ocr
game1,1,19,1,5,26271,bottom,smash,0.9703,,933.5,672.4,-0.233,-0.659,,,,,SUNG S.Y.,CHRISTOPHERSEN,12,6,ocr
game1,1,19,2,20,26286,top,net lift,0.9662,,883.3,540.2,-0.748,3.026,,,,,SUNG S.Y.,CHRISTOPHERSEN,12,6,ocr
game1,1,19,3,48,26314,bottom,net pop,0.9684,,716.9,704.4,-2.065,-1.426,,,,,SUNG S.Y.,CHRISTOPHERSEN,12,6,ocr
game1,1,19,4,87,26353,top,clear,0.9667,,1069.1,472.4,1.18,5.341,,,,,SUNG S.Y.,CHRISTOPHERSEN,12,6,ocr
game1,1,19,5,127,26393,bottom,smash,0.9794,,765.2,938.2,-1.395,-5.95,,,,,SUNG S.Y.,CHRISTOPHERSEN,12,6,ocr
game1,1,19,6,140,26406,top,backstop,0.8462,,804.9,503.6,-1.577,4.221,,,,,SUNG S.Y.,CHRISTOPHERSEN,12,6,ocr
game1,1,19,7,167,26433,bottom,net lift,0.9443,,773.2,735.0,-1.551,-2.117,bottom player fails to return the shuttle over the net,,courttcn,top,SUNG S.Y.,CHRISTOPHERSEN,12,6,ocr
game1,1,20,1,24,27045,top,serve long,0.9449,,986.4,507.9,0.285,4.088,,,,,SUNG S.Y.,CHRISTOPHERSEN,13,6,ocr
game1,1,20,2,73,27094,bottom,clear,0.9688,,800.2,951.8,-1.138,-6.168,,,,,SUNG S.Y.,CHRISTOPHERSEN,13,6,ocr
game1,1,20,3,104,27125,top,clear,0.9412,,1087.5,469.0,1.382,5.469,,,,,SUNG S.Y.,CHRISTOPHERSEN,13,6,ocr
game1,1,20,4,140,27161,bottom,smash,0.9648,,769.3,896.3,-1.405,-5.253,,,,,SUNG S.Y.,CHRISTOPHERSEN,13,6,ocr
game1,1,20,5,159,27180,top,backstop,0.965,,1049.1,522.6,0.912,3.602,,,,,SUNG S.Y.,CHRISTOPHERSEN,13,6,ocr
game1,1,20,6,182,27203,bottom,net lift,0.9862,,954.7,711.5,-0.05,-1.588,,,,,SUNG S.Y.,CHRISTOPHERSEN,13,6,ocr
game1,1,20,7,211,27232,top,net pop,0.974,,984.1,588.9,0.234,1.566,,,,,SUNG S.Y.,CHRISTOPHERSEN,13,6,ocr
game1,1,20,8,248,27269,bottom,smash,0.9514,,705.1,909.4,-1.855,-5.473,,,,,SUNG S.Y.,CHRISTOPHERSEN,13,6,ocr
game1,1,20,9,272,27293,top,cross-court net shot,0.6104,,810.3,495.5,-1.534,4.498,,,,,SUNG S.Y.,CHRISTOPHERSEN,13,6,ocr
game1,1,20,10,297,27318,bottom,push shot,0.8773,,1125.8,733.9,1.371,-2.096,,,,,SUNG S.Y.,CHRISTOPHERSEN,13,6,ocr
game1,1,20,11,334,27355,top,clear,0.9395,,809.6,453.4,-1.608,6.02,,,,,SUNG S.Y.,CHRISTOPHERSEN,13,6,ocr
game1,1,20,12,362,27383,bottom,overhead wrist shot,0.982,,758.2,855.4,-1.53,-4.53,,,,,SUNG S.Y.,CHRISTOPHERSEN,13,6,ocr
game1,1,20,13,380,27401,top,defensive pop,0.9696,,772.6,517.6,-1.881,3.749,,,,,SUNG S.Y.,CHRISTOPHERSEN,13,6,ocr
game1,1,20,14,412,27433,bottom,drop net,0.9688,,704.7,889.9,-1.884,-5.142,bottom player hits a winner,,courttcn,bottom,SUNG S.Y.,CHRISTOPHERSEN,13,6,ocr
game1,1,21,1,21,28285,top,smash,0.79,,898.2,522.5,-0.61,3.595,,,,,SUNG S.Y.,CHRISTOPHERSEN,13,7,ocr
game1,1,21,2,36,28300,bottom,backstop,0.9232,,1136.7,636.0,1.602,0.273,,,,,SUNG S.Y.,CHRISTOPHERSEN,13,7,ocr
game1,1,21,3,60,28324,bottom,net pop,0.9665,,945.6,683.1,-0.127,-0.919,,,,,SUNG S.Y.,CHRISTOPHERSEN,13,7,ocr
game1,1,21,4,98,28362,top,clear,0.9237,,1085.0,474.8,1.346,5.255,,,,,SUNG S.Y.,CHRISTOPHERSEN,13,7,ocr
game1,1,21,5,135,28399,bottom,drop net,0.9573,,821.4,925.6,-1.007,-5.747,,,,,SUNG S.Y.,CHRISTOPHERSEN,13,7,ocr
game1,1,21,6,158,28422,top,backstop,0.9233,,791.5,560.1,-1.625,2.405,,,,,SUNG S.Y.,CHRISTOPHERSEN,13,7,ocr
game1,1,21,7,186,28450,bottom,net lift,0.9841,,727.7,709.1,-1.967,-1.534,,,,,SUNG S.Y.,CHRISTOPHERSEN,13,7,ocr
game1,1,21,8,214,28478,top,net pop,0.9747,,763.1,611.6,-1.811,0.918,,,,,SUNG S.Y.,CHRISTOPHERSEN,13,7,ocr
game1,1,21,9,265,28529,bottom,drop net,0.9576,,1125.6,921.9,1.17,-5.697,,,,,SUNG S.Y.,CHRISTOPHERSEN,13,7,ocr
game1,1,21,10,289,28553,top,net lift,0.9695,,849.9,532.0,-1.086,3.285,,,,,SUNG S.Y.,CHRISTOPHERSEN,13,7,ocr
game1,1,21,11,313,28577,bottom,net pop,0.978,,1005.7,712.0,0.382,-1.599,,,,,SUNG S.Y.,CHRISTOPHERSEN,13,7,ocr
game1,1,21,12,357,28621,bottom,backstop,0.9825,,714.8,812.8,-1.914,-3.728,,,,,SUNG S.Y.,CHRISTOPHERSEN,13,7,ocr
game1,1,21,13,380,28644,top,rush shot,0.9746,,783.2,544.8,-1.729,2.877,,,,,SUNG S.Y.,CHRISTOPHERSEN,13,7,ocr
game1,1,21,14,393,28657,bottom,backstop,0.8967,,990.9,809.7,0.229,-3.673,,,,,SUNG S.Y.,CHRISTOPHERSEN,13,7,ocr
game1,1,21,15,411,28675,top,drive,0.7109,,1009.7,574.9,0.483,1.974,,,,,SUNG S.Y.,CHRISTOPHERSEN,13,7,ocr
game1,1,21,16,422,28686,bottom,push shot,0.9681,,915.9,751.7,-0.368,-2.483,,,,,SUNG S.Y.,CHRISTOPHERSEN,13,7,ocr
game1,1,21,17,453,28717,bottom,net pop,0.9785,,1016.7,756.6,0.454,-2.589,,,,,SUNG S.Y.,CHRISTOPHERSEN,13,7,ocr
game1,1,21,18,480,28744,bottom,backstop,0.9896,,1183.0,785.5,1.767,-3.193,,,,,SUNG S.Y.,CHRISTOPHERSEN,13,7,ocr
game1,1,21,19,507,28771,top,push shot,0.9676,,1171.8,581.2,2.028,1.797,,,,,SUNG S.Y.,CHRISTOPHERSEN,13,7,ocr
game1,1,21,20,537,28801,bottom,backcourt drive,0.9614,,1265.5,926.6,2.169,-5.779,,,,,SUNG S.Y.,CHRISTOPHERSEN,13,7,ocr
game1,1,21,21,552,28816,top,cross-court net shot,0.746,,1133.7,525.2,1.763,3.524,top player's shot hit the net,,court,bottom,SUNG S.Y.,CHRISTOPHERSEN,13,7,ocr
game1,1,22,1,10,29720,bottom,serve short,0.6666,,842.9,858.5,-0.892,-4.589,,,,,SUNG S.Y.,CHRISTOPHERSEN,13,8,ocr
game1,1,22,2,31,29741,top,net lift,0.9798,,900.5,578.7,-0.56,1.857,,,,,SUNG S.Y.,CHRISTOPHERSEN,13,8,ocr
game1,1,22,3,57,29767,bottom,net pop,0.9673,,759.8,690.7,-1.722,-1.103,,,,,SUNG S.Y.,CHRISTOPHERSEN,13,8,ocr
game1,1,22,4,108,29818,top,drop net,0.9501,,792.9,479.3,-1.741,5.064,,,,,SUNG S.Y.,CHRISTOPHERSEN,13,8,ocr
game1,1,22,5,131,29841,bottom,push shot,0.9738,,779.3,753.1,-1.479,-2.512,,,,,SUNG S.Y.,CHRISTOPHERSEN,13,8,ocr
game1,1,22,6,150,29860,top,backstop,0.9676,,792.3,484.1,-1.74,4.894,,,,,SUNG S.Y.,CHRISTOPHERSEN,13,8,ocr
game1,1,22,7,179,29889,bottom,smash,0.9733,,838.9,830.6,-0.941,-4.073,bottom player hits a winner,,courttcn,bottom,SUNG S.Y.,CHRISTOPHERSEN,13,8,ocr
game1,1,23,1,34,30500,top,push shot,0.9584,,1089.3,568.0,1.257,2.184,,,,,SUNG S.Y.,CHRISTOPHERSEN,13,9,ocr
game1,1,23,2,70,30536,bottom,clear,0.9706,,754.4,869.8,-1.542,-4.791,,,,,SUNG S.Y.,CHRISTOPHERSEN,13,9,ocr
game1,1,23,3,89,30555,top,clear,0.9804,,970.8,516.4,0.123,3.803,,,,,SUNG S.Y.,CHRISTOPHERSEN,13,9,ocr
game1,1,23,4,125,30591,bottom,rush shot,0.9103,,1124.6,663.6,1.453,-0.435,bottom player hits a winner,,courttcn,bottom,SUNG S.Y.,CHRISTOPHERSEN,13,9,ocr
game1,1,24,1,12,31143,top,backcourt drive,0.9192,,864.9,570.1,-0.906,2.108,,,,,SUNG S.Y.,CHRISTOPHERSEN,13,10,ocr
game1,1,24,2,26,31157,top,push shot,0.9577,,909.4,543.9,-0.489,2.912,,,,,SUNG S.Y.,CHRISTOPHERSEN,13,10,ocr
game1,1,24,3,55,31186,bottom,smash,0.9646,,704.6,860.9,-1.923,-4.63,,,,,SUNG S.Y.,CHRISTOPHERSEN,13,10,ocr
game1,1,24,4,75,31206,top,backstop,0.967,,804.9,527.8,-1.54,3.418,,,,,SUNG S.Y.,CHRISTOPHERSEN,13,10,ocr
game1,1,24,5,100,31231,bottom,cross-court net shot,0.9725,,886.4,735.7,-0.615,-2.134,,,,,SUNG S.Y.,CHRISTOPHERSEN,13,10,ocr
game1,1,24,6,129,31260,top,net lift,0.9706,,1125.9,585.2,1.582,1.677,,,,,SUNG S.Y.,CHRISTOPHERSEN,13,10,ocr
game1,1,24,7,154,31285,bottom,net pop,0.8671,,1149.4,656.5,1.684,-0.256,,,,,SUNG S.Y.,CHRISTOPHERSEN,13,10,ocr
game1,1,24,8,212,31343,bottom,push shot,0.9739,,1147.5,706.5,1.591,-1.473,,,,,SUNG S.Y.,CHRISTOPHERSEN,13,10,ocr
game1,1,24,9,240,31371,top,net pop,0.9683,,769.1,592.1,-1.788,1.463,,,,,SUNG S.Y.,CHRISTOPHERSEN,13,10,ocr
game1,1,24,10,271,31402,bottom,overhead wrist shot,0.9735,,725.2,855.6,-1.777,-4.534,,,,,SUNG S.Y.,CHRISTOPHERSEN,13,10,ocr
game1,1,24,11,292,31423,top,net lift,0.9501,,1073.1,551.4,1.119,2.687,,,,,SUNG S.Y.,CHRISTOPHERSEN,13,10,ocr
game1,1,24,12,318,31449,bottom,net pop,0.9514,,1088.0,693.9,1.097,-1.175,,,,,SUNG S.Y.,CHRISTOPHERSEN,13,10,ocr
game1,1,24,13,358,31489,top,clear,0.9781,,837.9,447.8,-1.309,6.235,,,,,SUNG S.Y.,CHRISTOPHERSEN,13,10,ocr
game1,1,24,14,391,31522,bottom,drop net,0.9531,,701.1,903.4,-1.892,-5.372,bottom player's shot hit the net,,courttcn,,SUNG S.Y.,CHRISTOPHERSEN,13,10,ocr
game1,1,25,1,9,33019,top,net pop,0.9404,,983.9,593.8,0.231,1.426,,,,,SUNG S.Y.,CHRISTOPHERSEN,14,11,ocr
game1,1,25,2,76,33086,bottom,drop net,0.9361,,1202.0,920.4,1.722,-5.675,,,,,SUNG S.Y.,CHRISTOPHERSEN,14,11,ocr
game1,1,25,3,104,33114,top,drive,0.9508,,1077.1,537.0,1.177,3.142,,,,,SUNG S.Y.,CHRISTOPHERSEN,14,11,ocr
game1,1,25,4,119,33129,bottom,net lift,0.7942,,984.3,774.0,0.186,-2.954,,,,,SUNG S.Y.,CHRISTOPHERSEN,14,11,ocr
game1,1,25,5,148,33158,top,push shot,0.8852,,975.5,611.0,0.147,0.943,,,,,SUNG S.Y.,CHRISTOPHERSEN,14,11,ocr
game1,1,25,6,187,33197,bottom,clear,0.9285,,842.2,909.6,-0.868,-5.481,bottom player's shot hit the net,,courttcn,top,SUNG S.Y.,CHRISTOPHERSEN,14,11,ocr
game1,1,26,1,6,33826,top,net pop,0.9089,,972.9,533.6,0.14,3.241,,,,,SUNG S.Y.,CHRISTOPHERSEN,15,11,ocr
game1,1,26,2,72,33892,bottom,smash,0.942,,821.2,924.4,-1.009,-5.727,,,,,SUNG S.Y.,CHRISTOPHERSEN,15,11,ocr
game1,1,26,3,85,33905,top,backstop,0.9721,,1001.8,521.9,0.435,3.622,,,,,SUNG S.Y.,CHRISTOPHERSEN,15,11,ocr
game1,1,26,4,113,33933,bottom,net lift,0.9733,,868.9,723.4,-0.767,-1.859,,,,,SUNG S.Y.,CHRISTOPHERSEN,15,11,ocr
game1,1,26,5,144,33964,top,net lift,0.9749,,737.2,617.8,-2.039,0.75,,,,,SUNG S.Y.,CHRISTOPHERSEN,15,11,ocr
game1,1,26,6,173,33993,bottom,net pop,0.9668,,761.5,675.0,-1.73,-0.724,,,,,SUNG S.Y.,CHRISTOPHERSEN,15,11,ocr
game1,1,26,7,212,34032,top,clear,0.9553,,1107.9,459.8,1.618,5.812,,,,,SUNG S.Y.,CHRISTOPHERSEN,15,11,ocr
game1,1,26,8,250,34070,bottom,drop net,0.9712,,773.2,894.0,-1.379,-5.215,,,,,SUNG S.Y.,CHRISTOPHERSEN,15,11,ocr
game1,1,26,9,273,34093,top,backstop,0.9592,,1137.1,555.7,1.741,2.559,,,,,SUNG S.Y.,CHRISTOPHERSEN,15,11,ocr
game1,1,26,10,296,34116,bottom,drive,0.9574,,1209.2,845.6,1.881,-4.362,,,,,SUNG S.Y.,CHRISTOPHERSEN,15,11,ocr
game1,1,26,11,331,34151,bottom,net pop,0.9485,,1226.5,715.6,2.247,-1.682,,,,,SUNG S.Y.,CHRISTOPHERSEN,15,11,ocr
game1,1,26,12,350,34170,top,drop net,0.9147,,1160.5,492.9,2.107,4.619,,,,,SUNG S.Y.,CHRISTOPHERSEN,15,11,ocr
game1,1,26,13,373,34193,bottom,net pop,0.9763,,1042.7,694.2,0.708,-1.183,,,,,SUNG S.Y.,CHRISTOPHERSEN,15,11,ocr
game1,1,26,14,392,34212,bottom,push shot,0.9649,,1051.9,648.9,0.822,-0.063,,,,,SUNG S.Y.,CHRISTOPHERSEN,15,11,ocr
game1,1,26,15,420,34240,bottom,backstop,0.9784,,1171.5,802.5,1.652,-3.534,,,,,SUNG S.Y.,CHRISTOPHERSEN,15,11,ocr
game1,1,26,16,444,34264,top,push shot,0.8907,,1113.1,555.0,1.507,2.58,,,,,SUNG S.Y.,CHRISTOPHERSEN,15,11,ocr
game1,1,26,17,480,34300,bottom,clear,0.9858,,741.3,934.1,-1.568,-5.883,,,,,SUNG S.Y.,CHRISTOPHERSEN,15,11,ocr
game1,1,26,18,511,34331,top,overhead wrist shot,0.9582,,799.9,494.5,-1.643,4.533,top player's shot goes out of bounds,,courttcn,bottom,SUNG S.Y.,CHRISTOPHERSEN,15,11,ocr
game1,1,27,1,11,35702,bottom,serve short,0.9336,,932.2,810.7,-0.228,-3.693,,,,,SUNG S.Y.,CHRISTOPHERSEN,15,12,ocr
game1,1,27,2,31,35722,top,push shot,0.9624,,884.2,558.0,-0.728,2.473,,,,,SUNG S.Y.,CHRISTOPHERSEN,15,12,ocr
game1,1,27,3,62,35753,bottom,clear,0.9711,,706.4,857.5,-1.915,-4.569,,,,,SUNG S.Y.,CHRISTOPHERSEN,15,12,ocr
game1,1,27,4,105,35796,top,smash,0.9588,,839.5,465.3,-1.269,5.577,,,,,SUNG S.Y.,CHRISTOPHERSEN,15,12,ocr
game1,1,27,5,119,35810,bottom,backstop,0.9863,,679.2,819.0,-2.179,-3.847,,,,,SUNG S.Y.,CHRISTOPHERSEN,15,12,ocr
game1,1,27,6,148,35839,top,push shot,0.9592,,784.2,561.8,-1.693,2.355,,,,,SUNG S.Y.,CHRISTOPHERSEN,15,12,ocr
game1,1,27,7,188,35879,bottom,smash,0.9657,,801.1,898.9,-1.172,-5.299,,,,,SUNG S.Y.,CHRISTOPHERSEN,15,12,ocr
game1,1,27,8,205,35896,top,backstop,0.968,,830.2,515.0,-1.303,3.84,,,,,SUNG S.Y.,CHRISTOPHERSEN,15,12,ocr
game1,1,27,9,233,35924,bottom,net lift,0.9286,,1069.8,745.9,0.896,-2.358,,,,,SUNG S.Y.,CHRISTOPHERSEN,15,12,ocr
game1,1,27,10,260,35951,top,push shot,0.97,,1136.1,586.6,1.677,1.637,,,,,SUNG S.Y.,CHRISTOPHERSEN,15,12,ocr
game1,1,27,11,295,35986,bottom,smash,0.9432,,731.2,917.2,-1.658,-5.605,,,,,SUNG S.Y.,CHRISTOPHERSEN,15,12,ocr
game1,1,27,12,318,36009,top,defensive pop,0.8506,,1129.9,548.7,1.683,2.775,,,,,SUNG S.Y.,CHRISTOPHERSEN,15,12,ocr
game1,1,27,13,349,36040,bottom,drop net,0.9686,,1212.8,892.8,1.838,-5.208,,,,,SUNG S.Y.,CHRISTOPHERSEN,15,12,ocr
game1,1,27,14,364,36055,top,backstop,0.5318,,842.2,518.3,-1.178,3.731,top player fails to return the shuttle over the net,,courttcn,bottom,SUNG S.Y.,CHRISTOPHERSEN,15,12,ocr
game1,1,28,1,19,36803,bottom,net pop,0.882,,851.9,754.6,-0.888,-2.544,,,,,SUNG S.Y.,CHRISTOPHERSEN,15,13,ocr
game1,1,28,2,45,36829,top,clear,0.9539,,1072.0,462.6,1.225,5.703,top player's shot goes out of bounds,,courttcn,bottom,SUNG S.Y.,CHRISTOPHERSEN,15,13,ocr
game1,1,29,1,10,37321,bottom,serve short,0.9529,,959.0,773.1,-0.016,-2.935,,,,,SUNG S.Y.,CHRISTOPHERSEN,15,14,ocr
game1,1,29,2,41,37352,bottom,net lift,0.9548,,926.0,721.4,-0.29,-1.814,,,,,SUNG S.Y.,CHRISTOPHERSEN,15,14,ocr
game1,1,29,3,65,37376,top,net lift,0.875,,1173.1,553.6,2.099,2.624,,,,,SUNG S.Y.,CHRISTOPHERSEN,15,14,ocr
game1,1,29,4,90,37401,bottom,net pop,0.9621,,1098.9,699.7,1.185,-1.315,,,,,SUNG S.Y.,CHRISTOPHERSEN,15,14,ocr
game1,1,29,5,139,37450,top,drop net,0.9737,,806.4,453.2,-1.643,6.028,,,,,SUNG S.Y.,CHRISTOPHERSEN,15,14,ocr
game1,1,29,6,167,37478,bottom,net lift,0.9815,,806.3,718.4,-1.294,-1.746,,,,,SUNG S.Y.,CHRISTOPHERSEN,15,14,ocr
game1,1,29,7,196,37507,top,push shot,0.9709,,895.7,584.2,-0.603,1.698,,,,,SUNG S.Y.,CHRISTOPHERSEN,15,14,ocr
game1,1,29,8,237,37548,bottom,clear,0.9748,,694.5,929.6,-1.905,-5.808,,,,,SUNG S.Y.,CHRISTOPHERSEN,15,14,ocr
game1,1,29,9,268,37579,top,clear,0.8874,,815.1,468.0,-1.525,5.475,,,,,SUNG S.Y.,CHRISTOPHERSEN,15,14,ocr
game1,1,29,10,308,37619,bottom,smash,0.9667,,737.0,914.8,-1.62,-5.566,,,,,SUNG S.Y.,CHRISTOPHERSEN,15,14,ocr
game1,1,29,11,324,37635,top,cross-court net shot,0.9454,,818.3,521.9,-1.415,3.609,,,,,SUNG S.Y.,CHRISTOPHERSEN,15,14,ocr
game1,1,29,12,353,37664,bottom,net lift,0.9339,,1124.0,730.6,1.361,-2.02,,,,,SUNG S.Y.,CHRISTOPHERSEN,15,14,ocr
game1,1,29,13,383,37694,top,push shot,0.9445,,1148.8,586.0,1.799,1.657,,,,,SUNG S.Y.,CHRISTOPHERSEN,15,14,ocr
game1,1,29,14,417,37728,bottom,clear,0.9683,,1281.9,948.2,2.25,-6.13,,,,,SUNG S.Y.,CHRISTOPHERSEN,15,14,ocr
game1,1,29,15,442,37753,top,backstop,0.8238,,1147.9,482.0,2.0,5.003,top player hits a winner,,courttcn,top,SUNG S.Y.,CHRISTOPHERSEN,15,14,ocr
game1,1,30,1,24,38541,top,serve short,0.9906,,948.9,522.6,-0.099,3.596,,,,,SUNG S.Y.,CHRISTOPHERSEN,16,14,ocr
game1,1,30,2,46,38563,bottom,net pop,0.964,,973.4,644.8,0.121,0.04,,,,,SUNG S.Y.,CHRISTOPHERSEN,16,14,ocr
game1,1,30,3,72,38589,bottom,smash,0.8619,,947.6,759.4,-0.109,-2.648,,,,,SUNG S.Y.,CHRISTOPHERSEN,16,14,ocr
game1,1,30,4,86,38603,bottom,net pop,0.9482,,1025.5,664.3,0.577,-0.456,,,,,SUNG S.Y.,CHRISTOPHERSEN,16,14,ocr
game1,1,30,5,112,38629,bottom,drop net,0.9876,,1187.2,943.5,1.587,-6.052,,,,,SUNG S.Y.,CHRISTOPHERSEN,16,14,ocr
game1,1,30,6,135,38652,top,backstop,0.754,,812.7,522.1,-1.471,3.603,,,,,SUNG S.Y.,CHRISTOPHERSEN,16,14,ocr
game1,1,30,7,156,38673,bottom,push shot,0.9696,,751.8,719.1,-1.75,-1.762,,,,,SUNG S.Y.,CHRISTOPHERSEN,16,14,ocr
game1,1,30,8,188,38705,top,clear,0.9897,,1108.4,440.5,1.659,6.552,,,,,SUNG S.Y.,CHRISTOPHERSEN,16,14,ocr
game1,1,30,9,224,38741,bottom,smash,0.9755,,809.9,900.7,-1.107,-5.331,,,,,SUNG S.Y.,CHRISTOPHERSEN,16,14,ocr
game1,1,30,10,242,38759,top,backstop,0.9679,,1015.5,541.8,0.56,2.985,,,,,SUNG S.Y.,CHRISTOPHERSEN,16,14,ocr
game1,1,30,11,265,38782,bottom,net pop,0.978,,968.0,714.8,0.063,-1.665,,,,,SUNG S.Y.,CHRISTOPHERSEN,16,14,ocr
game1,1,30,12,303,38820,top,overhead wrist shot,0.9587,,848.7,458.3,-1.18,5.841,top player hits a winner,,courttcn,top,SUNG S.Y.,CHRISTOPHERSEN,16,14,ocr
game1,1,31,1,16,39560,top,net pop,0.9078,,991.5,598.2,0.3,1.3,,,,,SUNG S.Y.,CHRISTOPHERSEN,17,14,ocr
game1,1,31,2,84,39628,bottom,overhead wrist shot,0.9523,,821.8,927.4,-1.003,-5.776,,,,,SUNG S.Y.,CHRISTOPHERSEN,17,14,ocr
game1,1,31,3,97,39641,top,backstop,0.9579,,864.5,529.9,-0.943,3.353,,,,,SUNG S.Y.,CHRISTOPHERSEN,17,14,ocr
game1,1,31,4,119,39663,bottom,push shot,0.9893,,1112.0,717.0,1.276,-1.715,,,,,SUNG S.Y.,CHRISTOPHERSEN,17,14,ocr
game1,1,31,5,135,39679,top,clear,0.9738,,1101.0,480.6,1.506,5.049,,,,,SUNG S.Y.,CHRISTOPHERSEN,17,14,ocr
game1,1,31,6,165,39709,bottom,drop net,0.9785,,862.1,883.9,-0.736,-5.042,,,,,SUNG S.Y.,CHRISTOPHERSEN,17,14,ocr
game1,1,31,7,182,39726,top,backstop,0.957,,1081.0,526.4,1.23,3.481,,,,,SUNG S.Y.,CHRISTOPHERSEN,17,14,ocr
game1,1,31,8,209,39753,bottom,net pop,0.9817,,997.9,706.7,0.318,-1.476,,,,,SUNG S.Y.,CHRISTOPHERSEN,17,14,ocr
game1,1,31,9,233,39777,top,clear,0.9896,,1054.7,447.1,1.058,6.289,,,,,SUNG S.Y.,CHRISTOPHERSEN,17,14,ocr
game1,1,31,10,267,39811,bottom,clear,0.9577,,834.8,881.8,-0.938,-5.005,bottom player's shot goes out of bounds,,courttcn,top,SUNG S.Y.,CHRISTOPHERSEN,17,14,ocr
game1,1,32,1,23,40514,top,clear,0.954,,932.2,465.3,-0.278,5.587,,,,,SUNG S.Y.,CHRISTOPHERSEN,18,14,ocr
game1,1,32,2,58,40549,bottom,clear,0.8905,,872.8,723.8,-0.734,-1.869,,,,,SUNG S.Y.,CHRISTOPHERSEN,18,14,ocr
game1,1,32,3,82,40573,bottom,drop net,0.9363,,1194.4,908.2,1.682,-5.47,,,,,SUNG S.Y.,CHRISTOPHERSEN,18,14,ocr
game1,1,32,4,109,40600,top,push shot,0.7439,,1124.5,553.2,1.622,2.635,,,,,SUNG S.Y.,CHRISTOPHERSEN,18,14,ocr
game1,1,32,5,147,40638,bottom,passive shot,0.971,,1242.4,950.2,1.968,-6.16,,,,,SUNG S.Y.,CHRISTOPHERSEN,18,14,ocr
game1,1,32,6,169,40660,top,backstop,0.9382,,1123.4,536.7,1.639,3.153,,,,,SUNG S.Y.,CHRISTOPHERSEN,18,14,ocr
game1,1,32,7,188,40679,bottom,net lift,0.9519,,1003.2,743.3,0.349,-2.3,,,,,SUNG S.Y.,CHRISTOPHERSEN,18,14,ocr
game1,1,32,8,215,40706,top,push shot,0.9422,,987.2,595.3,0.261,1.382,,,,,SUNG S.Y.,CHRISTOPHERSEN,18,14,ocr
game1,1,32,9,258,40749,bottom,drop net,0.9763,,896.0,903.8,-0.481,-5.386,bottom player's shot hit the net,,courttcn,top,SUNG S.Y.,CHRISTOPHERSEN,18,14,ocr
game1,1,33,1,51,41827,top,net pop,0.9621,,996.0,594.0,0.344,1.419,,,,,SUNG S.Y.,CHRISTOPHERSEN,19,14,ocr
game1,1,33,2,115,41891,bottom,drop net,0.9535,,858.3,968.5,-0.724,-6.432,,,,,SUNG S.Y.,CHRISTOPHERSEN,19,14,ocr
game1,1,33,3,137,41913,top,net lift,0.9854,,833.5,530.8,-1.251,3.324,,,,,SUNG S.Y.,CHRISTOPHERSEN,19,14,ocr
game1,1,33,4,162,41938,bottom,net pop,0.9727,,954.2,700.6,-0.053,-1.335,,,,,SUNG S.Y.,CHRISTOPHERSEN,19,14,ocr
game1,1,33,5,189,41965,top,clear,0.9495,,857.4,465.4,-1.078,5.576,,,,,SUNG S.Y.,CHRISTOPHERSEN,19,14,ocr
game1,1,33,6,219,41995,bottom,drop net,0.9772,,730.0,898.4,-1.689,-5.288,bottom player hits a winner,,courttcn,bottom,SUNG S.Y.,CHRISTOPHERSEN,19,14,ocr
game1,1,34,1,9,42786,bottom,smash,0.8624,,1057.5,821.0,0.743,-3.895,,,,,SUNG S.Y.,CHRISTOPHERSEN,19,15,ocr
game1,1,34,2,31,42808,top,net lift,0.9895,,1045.4,571.0,0.829,2.09,,,,,SUNG S.Y.,CHRISTOPHERSEN,19,15,ocr
game1,1,34,3,57,42834,bottom,push shot,0.9644,,777.0,676.5,-1.593,-0.761,,,,,SUNG S.Y.,CHRISTOPHERSEN,19,15,ocr
game1,1,34,4,94,42871,top,drop net,0.8614,,858.4,453.4,-1.08,6.024,,,,,SUNG S.Y.,CHRISTOPHERSEN,19,15,ocr
game1,1,34,5,116,42893,bottom,push shot,0.9781,,862.6,687.2,-0.842,-1.019,,,,,SUNG S.Y.,CHRISTOPHERSEN,19,15,ocr
game1,1,34,6,168,42945,bottom,passive shot,0.9295,,1243.4,939.9,1.99,-5.996,,,,,SUNG S.Y.,CHRISTOPHERSEN,19,15,ocr
game1,1,34,7,188,42965,top,backstop,0.8314,,818.7,526.2,-1.405,3.471,,,,,SUNG S.Y.,CHRISTOPHERSEN,19,15,ocr
game1,1,34,8,204,42981,bottom,backstop,0.5766,,799.4,706.7,-1.365,-1.479,bottom player hits a winner,,court,bottom,SUNG S.Y.,CHRISTOPHERSEN,19,15,ocr
game1,1,35,1,9,43513,top,backcourt drive,0.8117,,851.3,558.6,-1.047,2.455,,,,,SUNG S.Y.,CHRISTOPHERSEN,19,16,ocr
game1,1,35,2,22,43526,top,push shot,0.9368,,888.4,539.2,-0.698,3.057,,,,,SUNG S.Y.,CHRISTOPHERSEN,19,16,ocr
game1,1,35,3,55,43559,bottom,drop net,0.9685,,672.7,905.9,-2.093,-5.413,,,,,SUNG S.Y.,CHRISTOPHERSEN,19,16,ocr
game1,1,35,4,77,43581,top,net lift,0.9807,,766.5,547.4,-1.888,2.792,,,,,SUNG S.Y.,CHRISTOPHERSEN,19,16,ocr
game1,1,35,5,104,43608,bottom,net pop,0.9358,,751.4,681.8,-1.807,-0.891,,,,,SUNG S.Y.,CHRISTOPHERSEN,19,16,ocr
game1,1,35,6,142,43646,top,clear,0.9646,,1105.9,462.2,1.591,5.721,,,,,SUNG S.Y.,CHRISTOPHERSEN,19,16,ocr
game1,1,35,7,189,43693,bottom,smash,0.9524,,894.0,897.5,-0.498,-5.279,bottom player's shot goes out of bounds,,courttcn,top,SUNG S.Y.,CHRISTOPHERSEN,19,16,ocr
game1,1,36,1,15,44365,top,net pop,0.8704,,981.9,629.5,0.202,0.443,,,,,SUNG S.Y.,CHRISTOPHERSEN,20,16,ocr
game1,1,36,2,59,44409,top,clear,0.8763,,955.0,614.3,-0.042,0.85,,,,,SUNG S.Y.,CHRISTOPHERSEN,20,16,ocr
game1,1,36,3,85,44435,bottom,passive shot,0.9694,,1176.0,892.6,1.568,-5.203,,,,,SUNG S.Y.,CHRISTOPHERSEN,20,16,ocr
game1,1,36,4,101,44451,top,backstop,0.6227,,936.0,527.8,-0.229,3.427,,,,,SUNG S.Y.,CHRISTOPHERSEN,20,16,ocr
game1,1,36,5,123,44473,bottom,push shot,0.9705,,778.9,719.0,-1.523,-1.759,,,,,SUNG S.Y.,CHRISTOPHERSEN,20,16,ocr
game1,1,36,6,175,44525,top,drop net,0.9166,,801.9,496.7,-1.618,4.456,,,,,SUNG S.Y.,CHRISTOPHERSEN,20,16,ocr
game1,1,36,7,193,44543,top,net pop,0.8662,,799.1,499.9,-1.642,4.345,top player's shot goes out of bounds,,courttcn,bottom,SUNG S.Y.,CHRISTOPHERSEN,20,16,ocr
game1,1,37,1,3,44970,bottom,net lift,0.9799,,945.1,766.5,-0.129,-2.797,,,,,SUNG S.Y.,CHRISTOPHERSEN,20,17,ocr
game1,1,37,2,29,44996,top,net lift,0.9797,,1045.3,592.3,0.81,1.47,,,,,SUNG S.Y.,CHRISTOPHERSEN,20,17,ocr
game1,1,37,3,60,45027,bottom,net pop,0.9933,,741.7,704.0,-1.857,-1.415,,,,,SUNG S.Y.,CHRISTOPHERSEN,20,17,ocr
game1,1,37,4,85,45052,top,clear,0.9478,,1026.2,501.7,0.698,4.301,,,,,SUNG S.Y.,CHRISTOPHERSEN,20,17,ocr
game1,1,37,5,105,45072,top,overhead wrist shot,0.9405,,1099.7,463.8,1.521,5.663,,,,,SUNG S.Y.,CHRISTOPHERSEN,20,17,ocr
game1,1,37,6,118,45085,bottom,backstop,0.9776,,1180.8,802.6,1.725,-3.537,,,,,SUNG S.Y.,CHRISTOPHERSEN,20,17,ocr
game1,1,37,7,144,45111,top,net lift,0.9465,,1053.8,597.5,0.885,1.322,,,,,SUNG S.Y.,CHRISTOPHERSEN,20,17,ocr
game1,1,37,8,169,45136,bottom,net lift,0.925,,1069.0,654.8,0.97,-0.216,,,,,SUNG S.Y.,CHRISTOPHERSEN,20,17,ocr
game1,1,37,9,196,45163,top,net pop,0.8938,,1004.4,622.4,0.41,0.632,,,,,SUNG S.Y.,CHRISTOPHERSEN,20,17,ocr
game1,1,37,10,237,45204,bottom,drop net,0.9525,,769.3,869.6,-1.432,-4.787,bottom player hits a winner,,courttcn,bottom,SUNG S.Y.,CHRISTOPHERSEN,20,17,ocr
game1,1,38,1,16,45956,bottom,serve short,0.9414,,928.3,800.3,-0.26,-3.487,,,,,SUNG S.Y.,CHRISTOPHERSEN,20,18,ocr
game1,1,38,2,35,45975,top,net lift,0.9828,,932.3,569.9,-0.259,2.117,,,,,SUNG S.Y.,CHRISTOPHERSEN,20,18,ocr
game1,1,38,3,61,46001,bottom,net pop,0.9714,,793.7,690.0,-1.432,-1.086,,,,,SUNG S.Y.,CHRISTOPHERSEN,20,18,ocr
game1,1,38,4,81,46021,top,backcourt drive,0.8992,,789.7,490.5,-1.755,4.669,,,,,SUNG S.Y.,CHRISTOPHERSEN,20,18,ocr
game1,1,38,5,92,46032,bottom,backstop,0.9309,,710.1,811.2,-1.952,-3.697,bottom player fails to return the shuttle over the net,,court,top,SUNG S.Y.,CHRISTOPHERSEN,20,18,ocr
game1,2,39,1,24,50211,bottom,serve long,0.9529,,884.5,746.3,-0.626,-2.367,,,,,SUNG S.Y.,CHRISTOPHERSEN,0,0,ocr
game1,2,39,2,93,50280,top,passive shot,0.7539,,876.0,457.1,-0.887,5.886,,,,,SUNG S.Y.,CHRISTOPHERSEN,0,0,ocr
game1,2,39,3,109,50296,bottom,cross-court net shot,0.9784,,781.2,783.7,-1.43,-3.151,,,,,SUNG S.Y.,CHRISTOPHERSEN,0,0,ocr
game1,2,39,4,135,50322,top,net lift,0.8838,,1006.0,599.4,0.436,1.266,,,,,SUNG S.Y.,CHRISTOPHERSEN,0,0,ocr
game1,2,39,5,158,50345,bottom,push shot,0.968,,1029.8,655.5,0.62,-0.232,,,,,SUNG S.Y.,CHRISTOPHERSEN,0,0,ocr
game1,2,39,6,201,50388,top,backcourt drive,0.7638,,875.6,498.5,-0.856,4.401,,,,,SUNG S.Y.,CHRISTOPHERSEN,0,0,ocr
game1,2,39,7,223,50410,bottom,clear,0.9745,,771.7,844.8,-1.439,-4.337,,,,,SUNG S.Y.,CHRISTOPHERSEN,0,0,ocr
game1,2,39,8,254,50441,top,overhead wrist shot,0.9369,,873.4,465.0,-0.907,5.591,,,,,SUNG S.Y.,CHRISTOPHERSEN,0,0,ocr
game1,2,39,9,273,50460,bottom,backstop,0.955,,1106.8,805.6,1.139,-3.595,,,,,SUNG S.Y.,CHRISTOPHERSEN,0,0,ocr
game1,2,39,10,300,50487,top,smash,0.9273,,904.3,480.2,-0.569,5.044,,,,,SUNG S.Y.,CHRISTOPHERSEN,0,0,ocr
game1,2,39,11,331,50518,bottom,push shot,0.9481,,1106.6,695.4,1.255,-1.212,,,,,SUNG S.Y.,CHRISTOPHERSEN,0,0,ocr
game1,2,39,12,366,50553,top,drop net,0.9756,,813.9,456.3,-1.556,5.91,,,,,SUNG S.Y.,CHRISTOPHERSEN,0,0,ocr
game1,2,39,13,394,50581,bottom,net lift,0.9809,,682.0,801.2,-2.187,-3.5,,,,,SUNG S.Y.,CHRISTOPHERSEN,0,0,ocr
game1,2,39,14,423,50610,top,net lift,0.9261,,803.1,616.7,-1.438,0.782,,,,,SUNG S.Y.,CHRISTOPHERSEN,0,0,ocr
game1,2,39,15,447,50634,bottom,net pop,0.9665,,743.5,669.3,-1.895,-0.583,,,,,SUNG S.Y.,CHRISTOPHERSEN,0,0,ocr
game1,2,39,16,511,50698,top,smash,0.9574,,1038.3,430.8,0.896,6.927,,,,,SUNG S.Y.,CHRISTOPHERSEN,0,0,ocr
game1,2,39,17,523,50710,bottom,drop net,0.9425,,1136.2,802.8,1.373,-3.541,bottom player fails to return the shuttle over the net,,court,top,SUNG S.Y.,CHRISTOPHERSEN,0,0,ocr
game1,2,40,1,22,51596,top,smash,0.8454,,901.8,544.6,-0.563,2.891,,,,,SUNG S.Y.,CHRISTOPHERSEN,0,1,ocr
game1,2,40,2,36,51610,bottom,drive,0.9831,,882.3,739.5,-0.647,-2.217,,,,,SUNG S.Y.,CHRISTOPHERSEN,0,1,ocr
game1,2,40,3,51,51625,top,drive,0.9596,,796.0,528.0,-1.63,3.411,,,,,SUNG S.Y.,CHRISTOPHERSEN,0,1,ocr
game1,2,40,4,64,51638,top,defensive pop,0.9851,,834.4,563.0,-1.206,2.319,,,,,SUNG S.Y.,CHRISTOPHERSEN,0,1,ocr
game1,2,40,5,92,51666,bottom,drive,0.9396,,1049.8,774.0,0.712,-2.954,,,,,SUNG S.Y.,CHRISTOPHERSEN,0,1,ocr
game1,2,40,6,104,51678,top,backstop,0.9788,,1126.1,574.0,1.602,2.005,,,,,SUNG S.Y.,CHRISTOPHERSEN,0,1,ocr
game1,2,40,7,121,51695,top,backstop,0.8228,,1130.5,589.4,1.619,1.557,top player's shot goes out of bounds,,courttcn,bottom,SUNG S.Y.,CHRISTOPHERSEN,0,1,ocr
game1,2,41,1,3,52219,bottom,serve long,0.9108,,976.5,771.8,0.124,-2.907,,,,,SUNG S.Y.,CHRISTOPHERSEN,1,1,ocr
game1,2,41,2,66,52282,top,clear,0.975,,1057.4,447.5,1.087,6.275,,,,,SUNG S.Y.,CHRISTOPHERSEN,1,1,ocr
game1,2,41,3,97,52313,bottom,clear,0.9798,,760.0,892.2,-1.477,-5.183,,,,,SUNG S.Y.,CHRISTOPHERSEN,1,1,ocr
game1,2,41,4,137,52353,top,backcourt drive,0.6406,,828.0,484.9,-1.365,4.871,,,,,SUNG S.Y.,CHRISTOPHERSEN,1,1,ocr
game1,2,41,5,151,52367,bottom,backstop,0.9455,,741.5,757.9,-1.78,-2.613,,,,,SUNG S.Y.,CHRISTOPHERSEN,1,1,ocr
game1,2,41,6,176,52392,top,rush shot,0.9419,,774.2,569.2,-1.777,2.13,,,,,SUNG S.Y.,CHRISTOPHERSEN,1,1,ocr
game1,2,41,7,192,52408,bottom,defensive pop,0.9719,,731.0,811.1,-1.791,-3.696,,,,,SUNG S.Y.,CHRISTOPHERSEN,1,1,ocr
game1,2,41,8,238,52454,top,drop net,0.5689,,808.6,486.9,-1.564,4.797,top player's shot hit the net,,courttcn,bottom,SUNG S.Y.,CHRISTOPHERSEN,1,1,ocr
game1,2,42,1,55,53039,top,smash,0.9729,,909.5,455.5,-0.526,5.95,,,,,SUNG S.Y.,CHRISTOPHERSEN,2,1,ocr
game1,2,42,2,75,53059,bottom,net pop,0.9677,,1153.1,758.8,1.564,-2.636,,,,,SUNG S.Y.,CHRISTOPHERSEN,2,1,ocr
game1,2,42,3,101,53085,top,smash,0.9007,,846.5,509.7,-1.144,4.016,,,,,SUNG S.Y.,CHRISTOPHERSEN,2,1,ocr
game1,2,42,4,117,53101,bottom,push shot,0.8945,,705.9,755.6,-2.071,-2.565,,,,,SUNG S.Y.,CHRISTOPHERSEN,2,1,ocr
game1,2,42,5,156,53140,top,clear,0.5912,,851.3,465.7,-1.143,5.564,,,,,SUNG S.Y.,CHRISTOPHERSEN,2,1,ocr
game1,2,42,6,182,53166,bottom,clear,0.9387,,732.7,860.8,-1.714,-4.628,,,,,SUNG S.Y.,CHRISTOPHERSEN,2,1,ocr
game1,2,42,7,217,53201,top,overhead wrist shot,0.779,,805.2,462.2,-1.64,5.69,,,,,SUNG S.Y.,CHRISTOPHERSEN,2,1,ocr
game1,2,42,8,236,53220,bottom,backstop,0.9774,,779.5,793.9,-1.433,-3.357,,,,,SUNG S.Y.,CHRISTOPHERSEN,2,1,ocr
game1,2,42,9,280,53264,bottom,defensive drive,0.9834,,796.1,825.7,-1.272,-3.98,,,,,SUNG S.Y.,CHRISTOPHERSEN,2,1,ocr
game1,2,42,10,308,53292,top,passive shot,0.7516,,773.3,483.3,-1.94,4.92,,,,,SUNG S.Y.,CHRISTOPHERSEN,2,1,ocr
game1,2,42,11,328,53312,bottom,net lift,0.9785,,725.1,752.2,-1.921,-2.491,,,,,SUNG S.Y.,CHRISTOPHERSEN,2,1,ocr
game1,2,42,12,355,53339,top,net lift,0.9389,,784.5,566.2,-1.682,2.223,,,,,SUNG S.Y.,CHRISTOPHERSEN,2,1,ocr
game1,2,42,13,389,53373,bottom,net lift,0.9517,,773.5,690.0,-1.606,-1.086,bottom player hits a winner,,courttcn,bottom,SUNG S.Y.,CHRISTOPHERSEN,2,1,ocr
game1,2,43,1,25,53962,top,serve short,0.8806,,911.2,522.1,-0.479,3.61,,,,,SUNG S.Y.,CHRISTOPHERSEN,3,1,ocr
game1,2,43,2,38,53975,top,smash,0.858,,929.7,495.1,-0.299,4.523,,,,,SUNG S.Y.,CHRISTOPHERSEN,3,1,ocr
game1,2,43,3,65,54002,bottom,net pop,0.9529,,974.2,669.2,0.123,-0.578,,,,,SUNG S.Y.,CHRISTOPHERSEN,3,1,ocr
game1,2,43,4,132,54069,top,overhead wrist shot,0.9666,,1021.8,448.7,0.696,6.221,,,,,SUNG S.Y.,CHRISTOPHERSEN,3,1,ocr
game1,2,43,5,147,54084,bottom,backstop,0.9631,,1186.9,808.9,1.763,-3.663,,,,,SUNG S.Y.,CHRISTOPHERSEN,3,1,ocr
game1,2,43,6,172,54109,top,push shot,0.9647,,1100.9,562.8,1.376,2.342,top player's shot goes out of bounds,,court,bottom,SUNG S.Y.,CHRISTOPHERSEN,3,1,ocr
game1,2,44,1,67,54724,top,drop net,0.8625,,872.7,473.4,-0.907,5.284,,,,,SUNG S.Y.,CHRISTOPHERSEN,4,1,ocr
game1,2,44,2,92,54749,bottom,backstop,0.9248,,765.4,642.5,-1.743,0.094,bottom player hits a winner,,court,bottom,SUNG S.Y.,CHRISTOPHERSEN,4,1,ocr
game1,2,45,1,52,55339,top,overhead wrist shot,0.9688,,1064.4,460.5,1.145,5.781,,,,,SUNG S.Y.,CHRISTOPHERSEN,5,1,ocr
game1,2,45,2,70,55357,bottom,push shot,0.9835,,857.4,778.0,-0.829,-3.034,,,,,SUNG S.Y.,CHRISTOPHERSEN,5,1,ocr
game1,2,45,3,86,55373,top,backstop,0.9438,,946.1,530.7,-0.127,3.334,,,,,SUNG S.Y.,CHRISTOPHERSEN,5,1,ocr
game1,2,45,4,113,55400,bottom,push shot,0.9801,,1151.5,715.1,1.613,-1.67,,,,,SUNG S.Y.,CHRISTOPHERSEN,5,1,ocr
game1,2,45,5,149,55436,top,backcourt drive,0.9816,,816.4,439.3,-1.557,6.561,,,,,SUNG S.Y.,CHRISTOPHERSEN,5,1,ocr
game1,2,45,6,169,55456,bottom,push shot,0.9636,,713.7,811.1,-1.924,-3.697,,,,,SUNG S.Y.,CHRISTOPHERSEN,5,1,ocr
game1,2,45,7,201,55488,top,smash,0.8822,,841.5,473.6,-1.238,5.276,,,,,SUNG S.Y.,CHRISTOPHERSEN,5,1,ocr
game1,2,45,8,226,55513,bottom,net lift,0.9733,,1170.5,764.1,1.698,-2.749,,,,,SUNG S.Y.,CHRISTOPHERSEN,5,1,ocr
game1,2,45,9,252,55539,top,net pop,0.9855,,1187.3,579.5,2.18,1.846,,,,,SUNG S.Y.,CHRISTOPHERSEN,5,1,ocr
game1,2,45,10,282,55569,bottom,overhead wrist shot,0.9629,,782.7,874.1,-1.329,-4.867,bottom player hits a winner,,courttcn,bottom,SUNG S.Y.,CHRISTOPHERSEN,5,1,ocr
game1,2,46,1,23,56234,top,serve long,0.6038,,922.6,543.4,-0.358,2.928,,,,,SUNG S.Y.,CHRISTOPHERSEN,6,1,ocr
game1,2,46,2,65,56276,top,clear,0.9729,,815.4,445.4,-1.558,6.325,,,,,SUNG S.Y.,CHRISTOPHERSEN,6,1,ocr
game1,2,46,3,97,56308,bottom,clear,0.9904,,1225.9,897.4,1.928,-5.288,bottom player's shot goes out of bounds,,courttcn,top,SUNG S.Y.,CHRISTOPHERSEN,6,1,ocr
game1,2,47,1,11,56841,bottom,net pop,0.9751,,1085.1,685.6,1.08,-0.977,,,,,SUNG S.Y.,CHRISTOPHERSEN,6,2,ocr
game1,2,47,2,49,56879,top,clear,0.9731,,798.8,449.5,-1.731,6.167,top player hits a winner,,courttcn,top,SUNG S.Y.,CHRISTOPHERSEN,6,2,ocr
game1,2,48,1,18,57394,top,serve short,0.9712,,986.5,566.4,0.264,2.224,,,,,SUNG S.Y.,CHRISTOPHERSEN,6,3,ocr
game1,2,48,2,41,57417,bottom,net pop,0.9696,,866.8,711.0,-0.792,-1.578,,,,,SUNG S.Y.,CHRISTOPHERSEN,6,3,ocr
game1,2,48,3,78,57454,top,passive shot,0.8896,,784.2,463.7,-1.862,5.632,,,,,SUNG S.Y.,CHRISTOPHERSEN,6,3,ocr
game1,2,48,4,106,57482,bottom,push shot,0.9827,,713.2,696.9,-2.11,-1.25,,,,,SUNG S.Y.,CHRISTOPHERSEN,6,3,ocr
game1,2,48,5,141,57517,top,clear,0.9558,,762.7,442.4,-2.139,6.435,,,,,SUNG S.Y.,CHRISTOPHERSEN,6,3,ocr
game1,2,48,6,169,57545,bottom,clear,0.9843,,799.7,853.9,-1.22,-4.506,,,,,SUNG S.Y.,CHRISTOPHERSEN,6,3,ocr
game1,2,48,7,202,57578,top,overhead wrist shot,0.9548,,1084.6,452.7,1.377,6.079,,,,,SUNG S.Y.,CHRISTOPHERSEN,6,3,ocr
game1,2,48,8,219,57595,bottom,backstop,0.9753,,1219.2,813.3,2.009,-3.749,,,,,SUNG S.Y.,CHRISTOPHERSEN,6,3,ocr
game1,2,48,9,245,57621,top,net lift,0.9632,,1079.3,552.6,1.179,2.651,,,,,SUNG S.Y.,CHRISTOPHERSEN,6,3,ocr
game1,2,48,10,269,57645,bottom,net pop,0.9572,,827.9,686.9,-1.142,-1.011,,,,,SUNG S.Y.,CHRISTOPHERSEN,6,3,ocr
game1,2,48,11,312,57688,top,passive shot,0.8811,,811.4,514.8,-1.494,3.844,,,,,SUNG S.Y.,CHRISTOPHERSEN,6,3,ocr
game1,2,48,12,329,57705,bottom,cross-court net shot,0.9868,,745.4,761.2,-1.744,-2.683,,,,,SUNG S.Y.,CHRISTOPHERSEN,6,3,ocr
game1,2,48,13,340,57716,top,net lift,0.6833,,848.6,560.9,-1.071,2.384,,,,,SUNG S.Y.,CHRISTOPHERSEN,6,3,ocr
game1,2,48,14,353,57729,top,net lift,0.9371,,1036.7,565.7,0.75,2.248,,,,,SUNG S.Y.,CHRISTOPHERSEN,6,3,ocr
game1,2,48,15,375,57751,bottom,push shot,0.9501,,1092.5,698.8,1.131,-1.293,,,,,SUNG S.Y.,CHRISTOPHERSEN,6,3,ocr
game1,2,48,16,412,57788,top,backcourt drive,0.9767,,800.2,455.9,-1.705,5.923,,,,,SUNG S.Y.,CHRISTOPHERSEN,6,3,ocr
game1,2,48,17,443,57819,bottom,net pop,0.9964,,614.5,790.0,-2.737,-3.276,bottom player hits a winner,,court,,SUNG S.Y.,CHRISTOPHERSEN,6,3,ocr
game1,2,49,1,0,58426,top,smash,0.766,,968.4,526.5,0.097,3.471,,,,,SUNG S.Y.,CHRISTOPHERSEN,,,set-only
game1,2,49,2,20,58446,bottom,net pop,0.9358,,1082.1,684.3,1.056,-0.947,,,,,SUNG S.Y.,CHRISTOPHERSEN,,,set-only
game1,2,49,3,56,58482,top,clear,0.9779,,809.4,445.0,-1.624,6.339,,,,,SUNG S.Y.,CHRISTOPHERSEN,,,set-only
game1,2,49,4,85,58511,bottom,smash,0.9647,,830.5,854.5,-0.988,-4.518,,,,,SUNG S.Y.,CHRISTOPHERSEN,,,set-only
game1,2,49,5,99,58525,top,backstop,0.941,,847.1,511.9,-1.135,3.941,top player fails to return the shuttle over the net,,courttcn,,SUNG S.Y.,CHRISTOPHERSEN,,,set-only
game1,2,50,1,9,59136,bottom,serve long,0.9139,,1047.3,770.2,0.694,-2.875,,,,,SUNG S.Y.,CHRISTOPHERSEN,,,set-only
game1,2,50,2,76,59203,top,drop net,0.9778,,1075.8,443.0,1.296,6.449,,,,,SUNG S.Y.,CHRISTOPHERSEN,,,set-only
game1,2,50,3,97,59224,bottom,net lift,0.9744,,1160.7,773.1,1.606,-2.937,,,,,SUNG S.Y.,CHRISTOPHERSEN,,,set-only
game1,2,50,4,126,59253,top,cross-court net shot,0.9376,,1064.4,555.1,1.03,2.574,,,,,SUNG S.Y.,CHRISTOPHERSEN,,,set-only
game1,2,50,5,148,59275,bottom,net pop,0.9619,,817.4,685.3,-1.234,-0.973,,,,,SUNG S.Y.,CHRISTOPHERSEN,,,set-only
game1,2,50,6,188,59315,top,passive shot,0.9636,,768.5,461.0,-2.036,5.728,,,,,SUNG S.Y.,CHRISTOPHERSEN,,,set-only
game1,2,50,7,213,59340,bottom,push shot,0.9256,,730.9,743.5,-1.887,-2.303,,,,,SUNG S.Y.,CHRISTOPHERSEN,,,set-only
game1,2,50,8,257,59384,bottom,backstop,0.9896,,693.3,830.2,-2.053,-4.062,,,,,SUNG S.Y.,CHRISTOPHERSEN,,,set-only
game1,2,50,9,282,59409,top,rush shot,0.9915,,759.1,592.4,-1.881,1.455,top player hits a winner,,court,,SUNG S.Y.,CHRISTOPHERSEN,,,set-only
game1,2,51,1,8,60035,top,serve short,0.9365,,1006.4,606.7,0.436,1.063,,,,,SUNG S.Y.,CHRISTOPHERSEN,7,5,ocr
game1,2,51,2,35,60062,top,net pop,0.9781,,913.6,615.0,-0.423,0.83,,,,,SUNG S.Y.,CHRISTOPHERSEN,7,5,ocr
game1,2,51,3,64,60091,top,net lift,0.922,,1102.8,581.7,1.368,1.779,,,,,SUNG S.Y.,CHRISTOPHERSEN,7,5,ocr
game1,2,51,4,91,60118,bottom,net pop,0.9512,,1164.3,759.5,1.654,-2.651,,,,,SUNG S.Y.,CHRISTOPHERSEN,7,5,ocr
game1,2,51,5,120,60147,top,push shot,0.9732,,1126.6,557.2,1.635,2.511,top player's shot goes out of bounds,,court,bottom,SUNG S.Y.,CHRISTOPHERSEN,7,5,ocr
game1,2,52,1,53,60783,top,drop net,0.939,,811.2,456.6,-1.585,5.899,,,,,SUNG S.Y.,CHRISTOPHERSEN,8,5,ocr
game1,2,52,2,72,60802,bottom,backstop,0.9703,,744.9,789.9,-1.71,-3.276,,,,,SUNG S.Y.,CHRISTOPHERSEN,8,5,ocr
game1,2,52,3,98,60828,top,net lift,0.9351,,965.1,559.0,0.059,2.45,,,,,SUNG S.Y.,CHRISTOPHERSEN,8,5,ocr
game1,2,52,4,122,60852,bottom,push shot,0.9676,,754.7,720.1,-1.724,-1.784,,,,,SUNG S.Y.,CHRISTOPHERSEN,8,5,ocr
game1,2,52,5,157,60887,top,clear,0.8623,,1088.0,448.8,1.42,6.225,,,,,SUNG S.Y.,CHRISTOPHERSEN,8,5,ocr
game1,2,52,6,187,60917,bottom,clear,0.9692,,1240.3,915.8,2.004,-5.6,,,,,SUNG S.Y.,CHRISTOPHERSEN,8,5,ocr
game1,2,52,7,212,60942,top,overhead wrist shot,0.8901,,1145.6,488.9,1.96,4.759,,,,,SUNG S.Y.,CHRISTOPHERSEN,8,5,ocr
game1,2,52,8,234,60964,bottom,push shot,0.9555,,754.6,780.1,-1.645,-3.077,,,,,SUNG S.Y.,CHRISTOPHERSEN,8,5,ocr
game1,2,52,9,269,60999,top,drop net,0.8668,,797.3,472.1,-1.707,5.324,top player hits a winner,,courttcn,top,SUNG S.Y.,CHRISTOPHERSEN,8,5,ocr
game1,2,53,1,10,61519,bottom,push shot,0.9623,,1121.5,773.4,1.29,-2.944,,,,,SUNG S.Y.,CHRISTOPHERSEN,8,6,ocr
game1,2,53,2,36,61545,top,drop net,0.7176,,1141.8,469.2,1.963,5.467,,,,,SUNG S.Y.,CHRISTOPHERSEN,8,6,ocr
game1,2,53,3,60,61569,bottom,net lift,0.9745,,980.2,749.2,0.158,-2.43,,,,,SUNG S.Y.,CHRISTOPHERSEN,8,6,ocr
game1,2,53,4,86,61595,top,net lift,0.9802,,787.1,585.7,-1.628,1.649,,,,,SUNG S.Y.,CHRISTOPHERSEN,8,6,ocr
game1,2,53,5,112,61621,bottom,push shot,0.9632,,744.7,688.8,-1.854,-1.058,,,,,SUNG S.Y.,CHRISTOPHERSEN,8,6,ocr
game1,2,53,6,146,61655,top,clear,0.9764,,1100.4,451.4,1.551,6.128,,,,,SUNG S.Y.,CHRISTOPHERSEN,8,6,ocr
game1,2,53,7,169,61678,bottom,clear,0.9904,,1172.8,856.2,1.59,-4.557,,,,,SUNG S.Y.,CHRISTOPHERSEN,8,6,ocr
game1,2,53,8,215,61724,top,smash,0.8986,,1147.5,471.2,2.02,5.395,,,,,SUNG S.Y.,CHRISTOPHERSEN,8,6,ocr
game1,2,53,9,232,61741,bottom,cross-court net shot,0.9761,,1191.9,811.9,1.798,-3.72,,,,,SUNG S.Y.,CHRISTOPHERSEN,8,6,ocr
game1,2,53,10,260,61769,top,net lift,0.973,,811.4,575.3,-1.412,1.951,,,,,SUNG S.Y.,CHRISTOPHERSEN,8,6,ocr
game1,2,53,11,287,61796,bottom,push shot,0.9732,,754.7,689.6,-1.767,-1.076,,,,,SUNG S.Y.,CHRISTOPHERSEN,8,6,ocr
game1,2,53,12,341,61850,bottom,cross-court net shot,0.9576,,670.1,814.7,-2.257,-3.764,,,,,SUNG S.Y.,CHRISTOPHERSEN,8,6,ocr
game1,2,53,13,369,61878,top,net lift,0.9443,,1148.4,565.9,1.832,2.248,,,,,SUNG S.Y.,CHRISTOPHERSEN,8,6,ocr
game1,2,53,14,403,61912,bottom,cross-court net shot,0.6041,,1221.0,702.3,2.227,-1.374,,,,,SUNG S.Y.,CHRISTOPHERSEN,8,6,ocr
game1,2,53,15,431,61940,top,net lift,0.9831,,1137.7,589.7,1.686,1.548,,,,,SUNG S.Y.,CHRISTOPHERSEN,8,6,ocr
game1,2,53,16,458,61967,bottom,rush shot,0.9484,,864.8,656.8,-0.843,-0.271,,,,,SUNG S.Y.,CHRISTOPHERSEN,8,6,ocr
game1,2,53,17,479,61988,top,net pop,0.5087,,947.1,591.6,-0.116,1.486,top player's shot goes out of bounds,,courttcn,bottom,SUNG S.Y.,CHRISTOPHERSEN,8,6,ocr
game1,2,54,1,9,62718,bottom,serve long,0.8959,,941.1,766.2,-0.161,-2.791,,,,,SUNG S.Y.,CHRISTOPHERSEN,9,6,ocr
game1,2,54,2,76,62785,top,smash,0.9421,,1008.9,458.1,0.548,5.864,,,,,SUNG S.Y.,CHRISTOPHERSEN,9,6,ocr
game1,2,54,3,91,62800,bottom,defensive pop,0.9891,,1169.7,794.9,1.648,-3.383,,,,,SUNG S.Y.,CHRISTOPHERSEN,9,6,ocr
game1,2,54,4,122,62831,top,smash,0.9718,,1067.4,456.1,1.185,5.945,,,,,SUNG S.Y.,CHRISTOPHERSEN,9,6,ocr
game1,2,54,5,137,62846,bottom,backstop,0.9714,,1177.8,841.7,1.647,-4.29,,,,,SUNG S.Y.,CHRISTOPHERSEN,9,6,ocr
game1,2,54,6,161,62870,top,rush shot,0.9102,,1100.9,566.4,1.371,2.231,top player hits a winner,,court,top,SUNG S.Y.,CHRISTOPHERSEN,9,6,ocr
game1,2,55,1,17,63836,bottom,net pop,0.9623,,883.0,723.5,-0.649,-1.863,,,,,SUNG S.Y.,CHRISTOPHERSEN,9,7,ocr
game1,2,55,2,47,63866,top,smash,0.9576,,854.4,454.0,-1.123,6.002,,,,,SUNG S.Y.,CHRISTOPHERSEN,9,7,ocr
game1,2,55,3,63,63882,bottom,backstop,0.8968,,1197.8,779.5,1.895,-3.071,,,,,SUNG S.Y.,CHRISTOPHERSEN,9,7,ocr
game1,2,55,4,102,63921,top,net lift,0.5419,,1151.9,653.8,1.71,-0.188,top player hits a winner,,court,top,SUNG S.Y.,CHRISTOPHERSEN,9,7,ocr
game1,2,56,1,0,64414,top,net pop,0.5939,,948.9,594.4,-0.099,1.407,,,,,SUNG S.Y.,CHRISTOPHERSEN,9,8,ocr
game1,2,56,2,11,64425,bottom,push shot,0.9614,,1079.9,691.2,1.03,-1.112,,,,,SUNG S.Y.,CHRISTOPHERSEN,9,8,ocr
game1,2,56,3,43,64457,top,smash,0.7601,,867.9,542.9,-0.898,2.94,top player's shot hit the net,,courttcn,bottom,SUNG S.Y.,CHRISTOPHERSEN,9,8,ocr
game1,2,57,1,41,65079,top,drop net,0.9856,,921.5,465.8,-0.392,5.569,,,,,SUNG S.Y.,CHRISTOPHERSEN,10,8,ocr
game1,2,57,2,63,65101,bottom,net lift,0.9816,,778.0,741.4,-1.504,-2.259,,,,,SUNG S.Y.,CHRISTOPHERSEN,10,8,ocr
game1,2,57,3,92,65130,top,smash,0.7775,,768.3,599.6,-1.783,1.252,,,,,SUNG S.Y.,CHRISTOPHERSEN,10,8,ocr
game1,2,57,4,127,65165,bottom,backcourt drive,0.9317,,695.5,874.8,-1.972,-4.877,,,,,SUNG S.Y.,CHRISTOPHERSEN,10,8,ocr
game1,2,57,5,167,65205,bottom,backstop,0.9433,,814.3,793.8,-1.159,-3.356,bottom player's shot hit the net,,courttcn,top,SUNG S.Y.,CHRISTOPHERSEN,10,8,ocr
game1,2,58,1,13,65777,bottom,push shot,0.9757,,883.5,702.7,-0.655,-1.385,,,,,SUNG S.Y.,CHRISTOPHERSEN,10,9,ocr
game1,2,58,2,43,65807,top,net pop,0.89,,1067.1,628.1,0.979,0.481,,,,,SUNG S.Y.,CHRISTOPHERSEN,10,9,ocr
game1,2,58,3,82,65846,bottom,smash,0.966,,1141.6,916.7,1.29,-5.612,,,,,SUNG S.Y.,CHRISTOPHERSEN,10,9,ocr
game1,2,58,4,98,65862,top,backstop,0.7729,,831.5,514.4,-1.291,3.86,,,,,SUNG S.Y.,CHRISTOPHERSEN,10,9,ocr
game1,2,58,5,126,65890,bottom,net lift,0.9674,,704.8,791.4,-2.024,-3.306,,,,,SUNG S.Y.,CHRISTOPHERSEN,10,9,ocr
game1,2,58,6,152,65916,top,net lift,0.9693,,800.3,597.1,-1.488,1.325,,,,,SUNG S.Y.,CHRISTOPHERSEN,10,9,ocr
game1,2,58,7,179,65943,bottom,net pop,0.9675,,750.5,689.7,-1.803,-1.079,,,,,SUNG S.Y.,CHRISTOPHERSEN,10,9,ocr
game1,2,58,8,241,66005,top,overhead wrist shot,0.9668,,919.4,443.3,-0.423,6.42,,,,,SUNG S.Y.,CHRISTOPHERSEN,10,9,ocr
game1,2,58,9,257,66021,bottom,backstop,0.9763,,1212.6,830.8,1.93,-4.084,,,,,SUNG S.Y.,CHRISTOPHERSEN,10,9,ocr
game1,2,58,10,283,66047,top,push shot,0.9599,,1140.2,556.5,1.77,2.534,,,,,SUNG S.Y.,CHRISTOPHERSEN,10,9,ocr
game1,2,58,11,313,66077,bottom,overhead wrist shot,0.9749,,761.0,907.5,-1.455,-5.444,,,,,SUNG S.Y.,CHRISTOPHERSEN,10,9,ocr
game1,2,58,12,351,66115,bottom,push shot,0.9687,,794.6,709.9,-1.402,-1.552,,,,,SUNG S.Y.,CHRISTOPHERSEN,10,9,ocr
game1,2,58,13,371,66135,bottom,backstop,0.9834,,1034.2,791.3,0.578,-3.309,,,,,SUNG S.Y.,CHRISTOPHERSEN,10,9,ocr
game1,2,58,14,405,66169,bottom,smash,0.9048,,1061.7,784.3,0.8,-3.166,bottom player hits a winner,,courttcn,bottom,SUNG S.Y.,CHRISTOPHERSEN,10,9,ocr
game1,2,59,1,8,68496,top,smash,0.9261,,933.7,534.5,-0.251,3.21,,,,,SUNG S.Y.,CHRISTOPHERSEN,11,9,ocr
game1,2,59,2,34,68522,bottom,serve long,0.9558,,963.4,738.1,0.022,-2.186,,,,,SUNG S.Y.,CHRISTOPHERSEN,11,9,ocr
game1,2,59,3,100,68588,top,smash,0.7807,,1079.7,461.6,1.309,5.742,,,,,SUNG S.Y.,CHRISTOPHERSEN,11,9,ocr
game1,2,59,4,116,68604,bottom,backstop,0.9042,,775.1,812.0,-1.448,-3.714,,,,,SUNG S.Y.,CHRISTOPHERSEN,11,9,ocr
game1,2,59,5,143,68631,top,backstop,0.9501,,985.4,561.6,0.255,2.37,,,,,SUNG S.Y.,CHRISTOPHERSEN,11,9,ocr
game1,2,59,6,168,68656,bottom,net lift,0.9721,,959.0,707.9,-0.012,-1.506,,,,,SUNG S.Y.,CHRISTOPHERSEN,11,9,ocr
game1,2,59,7,194,68682,top,net pop,0.9651,,1171.5,580.9,2.025,1.804,,,,,SUNG S.Y.,CHRISTOPHERSEN,11,9,ocr
game1,2,59,8,237,68725,bottom,clear,0.9565,,757.9,890.7,-1.494,-5.158,,,,,SUNG S.Y.,CHRISTOPHERSEN,11,9,ocr
game1,2,59,9,268,68756,top,clear,0.9407,,857.4,502.5,-1.04,4.261,,,,,SUNG S.Y.,CHRISTOPHERSEN,11,9,ocr
game1,2,59,10,322,68810,bottom,drop net,0.9588,,795.1,919.6,-1.199,-5.648,,,,,SUNG S.Y.,CHRISTOPHERSEN,11,9,ocr
game1,2,59,11,342,68830,top,net lift,0.9885,,790.6,541.0,-1.662,2.996,,,,,SUNG S.Y.,CHRISTOPHERSEN,11,9,ocr
game1,2,59,12,368,68856,bottom,push shot,0.9719,,712.6,691.7,-2.124,-1.127,,,,,SUNG S.Y.,CHRISTOPHERSEN,11,9,ocr
game1,2,59,13,405,68893,top,backcourt drive,0.688,,830.4,470.2,-1.36,5.399,,,,,SUNG S.Y.,CHRISTOPHERSEN,11,9,ocr
game1,2,59,14,424,68912,bottom,cross-court net shot,0.9753,,725.7,818.1,-1.823,-3.832,,,,,SUNG S.Y.,CHRISTOPHERSEN,11,9,ocr
game1,2,59,15,449,68937,top,cross-court net shot,0.9622,,1102.9,544.1,1.424,2.916,,,,,SUNG S.Y.,CHRISTOPHERSEN,11,9,ocr
game1,2,59,16,476,68964,bottom,push shot,0.9632,,777.3,687.5,-1.576,-1.028,,,,,SUNG S.Y.,CHRISTOPHERSEN,11,9,ocr
game1,2,59,17,508,68996,top,backcourt drive,0.801,,1151.8,471.2,2.065,5.394,,,,,SUNG S.Y.,CHRISTOPHERSEN,11,9,ocr
game1,2,59,18,526,69014,bottom,cross-court net shot,0.9644,,1166.6,785.7,1.636,-3.197,,,,,SUNG S.Y.,CHRISTOPHERSEN,11,9,ocr
game1,2,59,19,559,69047,top,net lift,0.9405,,755.7,581.3,-1.932,1.774,top player's shot hit the net,,courttcn,,SUNG S.Y.,CHRISTOPHERSEN,11,9,ocr
game1,2,60,1,67,69809,top,clear,0.8959,,879.3,470.6,-0.84,5.387,,,,,SUNG S.Y.,CHRISTOPHERSEN,,,set-only
game1,2,60,2,109,69851,bottom,smash,0.9259,,1216.0,839.5,1.942,-4.25,bottom player hits a winner,,court,,SUNG S.Y.,CHRISTOPHERSEN,,,set-only
game1,2,61,1,28,70567,bottom,clear,0.9441,,1132.7,915.0,1.228,-5.583,,,,,SUNG S.Y.,CHRISTOPHERSEN,12,10,ocr
game1,2,61,2,68,70607,top,smash,0.9582,,807.5,460.9,-1.618,5.739,,,,,SUNG S.Y.,CHRISTOPHERSEN,12,10,ocr
game1,2,61,3,80,70619,bottom,backstop,0.9722,,708.7,829.5,-1.937,-4.049,,,,,SUNG S.Y.,CHRISTOPHERSEN,12,10,ocr
game1,2,61,4,100,70639,top,net lift,0.894,,910.4,518.8,-0.489,3.719,,,,,SUNG S.Y.,CHRISTOPHERSEN,12,10,ocr
game1,2,61,5,127,70666,bottom,net pop,0.9915,,1160.5,692.7,1.723,-1.147,,,,,SUNG S.Y.,CHRISTOPHERSEN,12,10,ocr
game1,2,61,6,162,70701,top,smash,0.9736,,824.9,453.9,-1.441,6.002,,,,,SUNG S.Y.,CHRISTOPHERSEN,12,10,ocr
game1,2,61,7,173,70712,bottom,backstop,0.9891,,741.7,819.6,-1.697,-3.861,,,,,SUNG S.Y.,CHRISTOPHERSEN,12,10,ocr
game1,2,61,8,196,70735,top,drive,0.767,,937.3,551.5,-0.212,2.677,,,,,SUNG S.Y.,CHRISTOPHERSEN,12,10,ocr
game1,2,61,9,207,70746,bottom,net pop,0.9773,,838.2,752.4,-1.001,-2.497,bottom player hits a winner,,court,bottom,SUNG S.Y.,CHRISTOPHERSEN,12,10,ocr
game1,2,62,1,10,71389,bottom,net pop,0.884,,999.7,785.3,0.306,-3.187,,,,,SUNG S.Y.,CHRISTOPHERSEN,13,10,ocr
game1,2,62,2,24,71403,top,serve long,0.8303,,991.2,560.1,0.312,2.418,,,,,SUNG S.Y.,CHRISTOPHERSEN,13,10,ocr
game1,2,62,3,78,71457,top,smash,0.9766,,1089.2,449.4,1.432,6.203,,,,,SUNG S.Y.,CHRISTOPHERSEN,13,10,ocr
game1,2,62,4,92,71471,bottom,cross-court net shot,0.982,,1206.0,828.6,1.882,-4.043,bottom player's shot goes out of bounds,,courttcn,top,SUNG S.Y.,CHRISTOPHERSEN,13,10,ocr
game1,2,63,1,7,72256,top,serve short,0.9122,,996.2,552.4,0.364,2.651,,,,,SUNG S.Y.,CHRISTOPHERSEN,13,11,ocr
game1,2,63,2,30,72279,bottom,net lift,0.9071,,887.2,691.8,-0.628,-1.127,,,,,SUNG S.Y.,CHRISTOPHERSEN,13,11,ocr
game1,2,63,3,55,72304,top,push shot,0.973,,1098.9,586.6,1.323,1.635,top player's shot goes out of bounds,,court,bottom,SUNG S.Y.,CHRISTOPHERSEN,13,11,ocr
game1,2,64,1,18,72862,bottom,serve long,0.8436,,1037.4,740.3,0.632,-2.236,,,,,SUNG S.Y.,CHRISTOPHERSEN,14,11,ocr
game1,2,64,2,85,72929,top,overhead wrist shot,0.9746,,869.9,457.3,-0.952,5.88,,,,,SUNG S.Y.,CHRISTOPHERSEN,14,11,ocr
game1,2,64,3,99,72943,bottom,backstop,0.9437,,1107.4,814.7,1.135,-3.774,,,,,SUNG S.Y.,CHRISTOPHERSEN,14,11,ocr
game1,2,64,4,124,72968,top,net lift,0.9904,,933.3,554.4,-0.251,2.587,,,,,SUNG S.Y.,CHRISTOPHERSEN,14,11,ocr
game1,2,64,5,150,72994,bottom,push shot,0.9738,,747.3,743.1,-1.753,-2.295,,,,,SUNG S.Y.,CHRISTOPHERSEN,14,11,ocr
game1,2,64,6,208,73052,bottom,clear,0.9593,,688.7,763.5,-2.197,-2.732,,,,,SUNG S.Y.,CHRISTOPHERSEN,14,11,ocr
game1,2,64,7,245,73089,top,drop net,0.9149,,850.6,485.7,-1.128,4.843,top player's shot hit the net,,courttcn,bottom,SUNG S.Y.,CHRISTOPHERSEN,14,11,ocr
game1,2,65,1,24,73972,bottom,serve long,0.9878,,983.8,747.1,0.188,-2.384,,,,,SUNG S.Y.,CHRISTOPHERSEN,15,11,ocr
game1,2,65,2,94,74042,top,smash,0.8439,,1086.1,546.3,1.254,2.847,,,,,SUNG S.Y.,CHRISTOPHERSEN,15,11,ocr
game1,2,65,3,115,74063,bottom,backstop,0.9831,,798.2,780.5,-1.299,-3.085,,,,,SUNG S.Y.,CHRISTOPHERSEN,15,11,ocr
game1,2,65,4,143,74091,top,backstop,0.9427,,996.0,589.4,0.346,1.55,,,,,SUNG S.Y.,CHRISTOPHERSEN,15,11,ocr
game1,2,65,5,166,74114,bottom,net pop,0.9736,,1126.9,672.5,1.461,-0.658,,,,,SUNG S.Y.,CHRISTOPHERSEN,15,11,ocr
game1,2,65,6,209,74157,top,smash,0.7953,,805.2,550.0,-1.506,2.714,,,,,SUNG S.Y.,CHRISTOPHERSEN,15,11,ocr
game1,2,65,7,251,74199,bottom,passive shot,0.9882,,1218.7,931.7,1.826,-5.862,,,,,SUNG S.Y.,CHRISTOPHERSEN,15,11,ocr
game1,2,65,8,279,74227,top,push shot,0.9438,,1108.6,570.4,1.439,2.114,,,,,SUNG S.Y.,CHRISTOPHERSEN,15,11,ocr
game1,2,65,9,309,74257,bottom,drop net,0.9683,,1182.2,922.6,1.576,-5.71,,,,,SUNG S.Y.,CHRISTOPHERSEN,15,11,ocr
game1,2,65,10,323,74271,top,passive shot,0.6984,,1129.1,555.3,1.663,2.571,,,,,SUNG S.Y.,CHRISTOPHERSEN,15,11,ocr
game1,2,65,11,353,74301,bottom,net lift,0.983,,1169.5,684.9,1.815,-0.96,,,,,SUNG S.Y.,CHRISTOPHERSEN,15,11,ocr
game1,2,65,12,380,74328,top,net lift,0.9626,,1149.4,585.8,1.805,1.662,top player's shot goes out of bounds,,courttcn,bottom,SUNG S.Y.,CHRISTOPHERSEN,15,11,ocr
game1,2,66,1,67,75016,top,smash,0.8122,,811.6,444.2,-1.601,6.371,,,,,SUNG S.Y.,CHRISTOPHERSEN,16,11,ocr
game1,2,66,2,80,75029,bottom,defensive pop,0.964,,717.8,823.8,-1.875,-3.941,,,,,SUNG S.Y.,CHRISTOPHERSEN,16,11,ocr
game1,2,66,3,119,75068,top,passive shot,0.986,,817.6,454.4,-1.52,5.982,,,,,SUNG S.Y.,CHRISTOPHERSEN,16,11,ocr
game1,2,66,4,140,75089,bottom,cross-court net shot,0.9416,,833.5,682.4,-1.098,-0.904,,,,,SUNG S.Y.,CHRISTOPHERSEN,16,11,ocr
game1,2,66,5,157,75106,bottom,net lift,0.7488,,921.1,753.5,-0.325,-2.521,bottom player fails to return the shuttle over the net,,court,top,SUNG S.Y.,CHRISTOPHERSEN,16,11,ocr
game1,2,67,1,11,75609,bottom,net pop,0.9593,,1063.6,676.5,0.902,-0.756,,,,,SUNG S.Y.,CHRISTOPHERSEN,16,12,ocr
game1,2,67,2,55,75653,top,passive shot,0.9008,,753.0,457.9,-2.209,5.843,top player hits a winner,,courttcn,top,SUNG S.Y.,CHRISTOPHERSEN,16,12,ocr
game1,2,68,1,17,76076,bottom,net pop,0.9698,,882.3,711.2,-0.661,-1.581,,,,,SUNG S.Y.,CHRISTOPHERSEN,16,13,ocr
game1,2,68,2,58,76117,top,backcourt drive,0.9321,,796.0,469.3,-1.726,5.426,,,,,SUNG S.Y.,CHRISTOPHERSEN,16,13,ocr
game1,2,68,3,79,76138,bottom,clear,0.9716,,756.8,853.6,-1.542,-4.499,,,,,SUNG S.Y.,CHRISTOPHERSEN,16,13,ocr
game1,2,68,4,120,76179,top,passive shot,0.9428,,786.0,451.8,-1.866,6.078,,,,,SUNG S.Y.,CHRISTOPHERSEN,16,13,ocr
game1,2,68,5,138,76197,bottom,short flat,0.9577,,729.4,783.6,-1.841,-3.149,,,,,SUNG S.Y.,CHRISTOPHERSEN,16,13,ocr
game1,2,68,6,160,76219,top,net lift,0.8596,,937.6,536.1,-0.211,3.159,,,,,SUNG S.Y.,CHRISTOPHERSEN,16,13,ocr
game1,2,68,7,188,76247,bottom,push shot,0.9404,,1113.6,695.8,1.315,-1.222,,,,,SUNG S.Y.,CHRISTOPHERSEN,16,13,ocr
game1,2,68,8,222,76281,top,overhead wrist shot,0.9743,,809.1,471.4,-1.584,5.353,top player's shot goes out of bounds,,courttcn,bottom,SUNG S.Y.,CHRISTOPHERSEN,16,13,ocr
game1,2,69,1,39,76968,top,drop net,0.944,,1080.7,459.7,1.323,5.811,,,,,SUNG S.Y.,CHRISTOPHERSEN,17,13,ocr
game1,2,69,2,60,76989,bottom,net lift,0.9759,,1155.0,780.1,1.551,-3.083,,,,,SUNG S.Y.,CHRISTOPHERSEN,17,13,ocr
game1,2,69,3,89,77018,top,push shot,0.9807,,1037.0,566.1,0.752,2.238,,,,,SUNG S.Y.,CHRISTOPHERSEN,17,13,ocr
game1,2,69,4,127,77056,bottom,clear,0.9814,,1287.4,932.0,2.317,-5.869,,,,,SUNG S.Y.,CHRISTOPHERSEN,17,13,ocr
game1,2,69,5,149,77078,top,clear,0.8717,,979.5,512.7,0.213,3.927,,,,,SUNG S.Y.,CHRISTOPHERSEN,17,13,ocr
game1,2,69,6,167,77096,top,smash,0.973,,854.3,468.3,-1.108,5.47,,,,,SUNG S.Y.,CHRISTOPHERSEN,17,13,ocr
game1,2,69,7,180,77109,bottom,backstop,0.9795,,720.6,821.6,-1.857,-3.9,,,,,SUNG S.Y.,CHRISTOPHERSEN,17,13,ocr
game1,2,69,8,205,77134,top,rush shot,0.9134,,750.4,586.4,-1.973,1.626,top player hits a winner,,court,top,SUNG S.Y.,CHRISTOPHERSEN,17,13,ocr
game1,2,70,1,31,77753,bottom,net lift,0.5848,,1098.1,658.8,1.224,-0.316,,,,,SUNG S.Y.,CHRISTOPHERSEN,17,14,ocr
game1,2,70,2,44,77766,bottom,push shot,0.9363,,1178.4,755.8,1.775,-2.573,,,,,SUNG S.Y.,CHRISTOPHERSEN,17,14,ocr
game1,2,70,3,68,77790,top,clear,0.9257,,811.4,469.7,-1.562,5.416,,,,,SUNG S.Y.,CHRISTOPHERSEN,17,14,ocr
game1,2,70,4,101,77823,bottom,clear,0.9685,,788.6,906.7,-1.256,-5.432,,,,,SUNG S.Y.,CHRISTOPHERSEN,17,14,ocr
game1,2,70,5,150,77872,bottom,backstop,0.9558,,1189.9,831.7,1.753,-4.102,,,,,SUNG S.Y.,CHRISTOPHERSEN,17,14,ocr
game1,2,70,6,176,77898,top,net lift,0.9273,,979.1,579.7,0.189,1.831,,,,,SUNG S.Y.,CHRISTOPHERSEN,17,14,ocr
game1,2,70,7,203,77925,bottom,push shot,0.9816,,1174.9,722.2,1.799,-1.833,,,,,SUNG S.Y.,CHRISTOPHERSEN,17,14,ocr
game1,2,70,8,223,77945,top,smash,0.7291,,860.0,494.8,-1.021,4.524,,,,,SUNG S.Y.,CHRISTOPHERSEN,17,14,ocr
game1,2,70,9,238,77960,bottom,backstop,0.975,,764.0,806.5,-1.54,-3.606,,,,,SUNG S.Y.,CHRISTOPHERSEN,17,14,ocr
game1,2,70,10,264,77986,top,net lift,0.9787,,747.1,544.0,-2.084,2.897,,,,,SUNG S.Y.,CHRISTOPHERSEN,17,14,ocr
game1,2,70,11,292,78014,bottom,net lift,0.9587,,728.3,679.8,-2.01,-0.842,,,,,SUNG S.Y.,CHRISTOPHERSEN,17,14,ocr
game1,2,70,12,318,78040,top,net pop,0.9714,,762.1,607.0,-1.829,1.046,,,,,SUNG S.Y.,CHRISTOPHERSEN,17,14,ocr
game1,2,70,13,363,78085,bottom,smash,0.9244,,959.8,888.0,-0.018,-5.117,,,,,SUNG S.Y.,CHRISTOPHERSEN,17,14,ocr
game1,2,70,14,376,78098,top,backstop,0.8018,,1073.9,540.1,1.141,3.042,top player's shot hit the net,,courttcn,bottom,SUNG S.Y.,CHRISTOPHERSEN,17,14,ocr
game1,2,71,1,65,79244,top,overhead wrist shot,0.9832,,893.6,454.4,-0.699,5.991,,,,,SUNG S.Y.,CHRISTOPHERSEN,18,14,ocr
game1,2,71,2,87,79266,bottom,net lift,0.9739,,767.9,745.9,-1.581,-2.357,,,,,SUNG S.Y.,CHRISTOPHERSEN,18,14,ocr
game1,2,71,3,112,79291,top,push shot,0.9742,,834.8,575.5,-1.189,1.947,,,,,SUNG S.Y.,CHRISTOPHERSEN,18,14,ocr
game1,2,71,4,150,79329,bottom,clear,0.9805,,737.9,931.5,-1.595,-5.841,,,,,SUNG S.Y.,CHRISTOPHERSEN,18,14,ocr
game1,2,71,5,189,79368,top,drop net,0.8816,,775.2,475.6,-1.935,5.198,,,,,SUNG S.Y.,CHRISTOPHERSEN,18,14,ocr
game1,2,71,6,217,79396,bottom,net pop,0.974,,765.1,695.8,-1.669,-1.224,,,,,SUNG S.Y.,CHRISTOPHERSEN,18,14,ocr
game1,2,71,7,263,79442,top,passive shot,0.7502,,831.7,511.7,-1.292,3.949,,,,,SUNG S.Y.,CHRISTOPHERSEN,18,14,ocr
game1,2,71,8,287,79466,bottom,smash,0.9639,,832.3,692.3,-1.099,-1.141,bottom player hits a winner,,courttcn,bottom,SUNG S.Y.,CHRISTOPHERSEN,18,14,ocr
game1,2,72,1,26,80088,top,smash,0.9736,,927.9,500.1,-0.315,4.348,,,,,SUNG S.Y.,CHRISTOPHERSEN,19,14,ocr
game1,2,72,2,54,80116,bottom,net pop,0.9775,,984.3,706.6,0.203,-1.475,,,,,SUNG S.Y.,CHRISTOPHERSEN,19,14,ocr
game1,2,72,3,120,80182,top,smash,0.9729,,1102.4,462.2,1.553,5.722,,,,,SUNG S.Y.,CHRISTOPHERSEN,19,14,ocr
game1,2,72,4,133,80195,bottom,cross-court net shot,0.9672,,1217.9,843.8,1.95,-4.33,bottom player hits a winner,,courttcn,bottom,SUNG S.Y.,CHRISTOPHERSEN,19,14,ocr
game1,2,73,1,71,80799,top,smash,0.918,,922.8,459.1,-0.381,5.816,,,,,SUNG S.Y.,CHRISTOPHERSEN,20,14,ocr
game1,2,73,2,90,80818,bottom,defensive drive,0.9725,,1201.8,815.9,1.869,-3.798,,,,,SUNG S.Y.,CHRISTOPHERSEN,20,14,ocr
game1,2,73,3,119,80847,top,clear,0.9571,,790.7,459.6,-1.801,5.784,,,,,SUNG S.Y.,CHRISTOPHERSEN,20,14,ocr
game1,2,73,4,150,80878,bottom,clear,0.9898,,710.3,940.5,-1.779,-5.984,,,,,SUNG S.Y.,CHRISTOPHERSEN,20,14,ocr
game1,2,73,5,193,80921,top,overhead wrist shot,0.8491,,858.4,452.2,-1.081,6.071,,,,,SUNG S.Y.,CHRISTOPHERSEN,20,14,ocr
game1,2,73,6,219,80947,bottom,drop net,0.9757,,1144.8,840.0,1.397,-4.257,,,,,SUNG S.Y.,CHRISTOPHERSEN,20,14,ocr
game1,2,73,7,244,80972,top,net lift,0.932,,1156.9,567.5,1.912,2.201,,,,,SUNG S.Y.,CHRISTOPHERSEN,20,14,ocr
game1,2,73,8,273,81001,bottom,net pop,0.98,,1182.3,670.1,1.952,-0.597,,,,,SUNG S.Y.,CHRISTOPHERSEN,20,14,ocr
game1,2,73,9,333,81061,top,overhead wrist shot,0.9701,,929.0,456.9,-0.314,5.902,,,,,SUNG S.Y.,CHRISTOPHERSEN,20,14,ocr
game1,2,73,10,354,81082,bottom,push shot,0.978,,1158.0,732.8,1.641,-2.07,,,,,SUNG S.Y.,CHRISTOPHERSEN,20,14,ocr
game1,2,73,11,389,81117,top,drop net,0.932,,791.1,450.2,-1.814,6.137,,,,,SUNG S.Y.,CHRISTOPHERSEN,20,14,ocr
game1,2,73,12,422,81150,bottom,passive shot,0.8458,,738.5,805.6,-1.74,-3.589,bottom player hits a winner,,court,,SUNG S.Y.,CHRISTOPHERSEN,20,14,ocr
game1,,74,1,4,83173,top,net lift,0.9075,,1111.9,606.1,1.419,1.083,,,,,SUNG S.Y.,CHRISTOPHERSEN,,,
game1,,74,2,24,83193,bottom,push shot,0.9738,,1186.0,738.1,1.866,-2.187,,,,,SUNG S.Y.,CHRISTOPHERSEN,,,
game1,,74,3,60,83229,top,cross-court net shot,0.9764,,818.1,551.3,-1.378,2.676,,,,,SUNG S.Y.,CHRISTOPHERSEN,,,
game1,,74,4,87,83256,bottom,net lift,0.9787,,995.5,742.1,0.286,-2.275,,,,,SUNG S.Y.,CHRISTOPHERSEN,,,
game1,,74,5,115,83284,bottom,net pop,0.9289,,1133.2,629.0,1.581,0.459,bottom player's shot goes out of bounds,,courttcn,,SUNG S.Y.,CHRISTOPHERSEN,,,
